name,id,base_experience,weight,height,bmi,order,type_1,type_2,sprite
Bulbasaur,1,64.0,69.0,7.0,14.081634,1,grass,poison,https://raw.githubusercontent.com/PokeAPI/sprites/master/sprites/pokemon/1.png
Ivysaur,2,142.0,130.0,10.0,13.0,2,grass,poison,https://raw.githubusercontent.com/PokeAPI/sprites/master/sprites/pokemon/2.png
Venusaur,3,263.0,1000.0,20.0,25.0,3,grass,poison,https://raw.githubusercontent.com/PokeAPI/sprites/master/sprites/pokemon/3.png
Charmander,4,62.0,85.0,6.0,23.611109,5,fire,,https://raw.githubusercontent.com/PokeAPI/sprites/master/sprites/pokemon/4.png
Charmeleon,5,142.0,190.0,11.0,15.702478,6,fire,,https://raw.githubusercontent.com/PokeAPI/sprites/master/sprites/pokemon/5.png
Charizard,6,267.0,905.0,17.0,31.314877,7,fire,flying,https://raw.githubusercontent.com/PokeAPI/sprites/master/sprites/pokemon/6.png
Squirtle,7,63.0,90.0,5.0,36.0,10,water,,https://raw.githubusercontent.com/PokeAPI/sprites/master/sprites/pokemon/7.png
Wartortle,8,142.0,225.0,10.0,22.5,11,water,,https://raw.githubusercontent.com/PokeAPI/sprites/master/sprites/pokemon/8.png
Blastoise,9,265.0,855.0,16.0,33.398438,12,water,,https://raw.githubusercontent.com/PokeAPI/sprites/master/sprites/pokemon/9.png
Caterpie,10,39.0,29.0,3.0,32.22222,14,bug,,https://raw.githubusercontent.com/PokeAPI/sprites/master/sprites/pokemon/10.png
Metapod,11,72.0,99.0,7.0,20.204082,15,bug,,https://raw.githubusercontent.com/PokeAPI/sprites/master/sprites/pokemon/11.png
Butterfree,12,198.0,320.0,11.0,26.44628,16,bug,flying,https://raw.githubusercontent.com/PokeAPI/sprites/master/sprites/pokemon/12.png
Weedle,13,39.0,32.0,3.0,35.555553,17,bug,poison,https://raw.githubusercontent.com/PokeAPI/sprites/master/sprites/pokemon/13.png
Kakuna,14,72.0,100.0,6.0,27.777775,18,bug,poison,https://raw.githubusercontent.com/PokeAPI/sprites/master/sprites/pokemon/14.png
Beedrill,15,178.0,295.0,10.0,29.5,19,bug,poison,https://raw.githubusercontent.com/PokeAPI/sprites/master/sprites/pokemon/15.png
Pidgey,16,50.0,18.0,3.0,19.999998,21,normal,flying,https://raw.githubusercontent.com/PokeAPI/sprites/master/sprites/pokemon/16.png
Pidgeotto,17,122.0,300.0,11.0,24.793386,22,normal,flying,https://raw.githubusercontent.com/PokeAPI/sprites/master/sprites/pokemon/17.png
Pidgeot,18,216.0,395.0,15.0,17.555555,23,normal,flying,https://raw.githubusercontent.com/PokeAPI/sprites/master/sprites/pokemon/18.png
Rattata,19,51.0,35.0,3.0,38.888885,25,normal,,https://raw.githubusercontent.com/PokeAPI/sprites/master/sprites/pokemon/19.png
Raticate,20,145.0,185.0,7.0,37.755104,27,normal,,https://raw.githubusercontent.com/PokeAPI/sprites/master/sprites/pokemon/20.png
Spearow,21,52.0,20.0,3.0,22.222221,30,normal,flying,https://raw.githubusercontent.com/PokeAPI/sprites/master/sprites/pokemon/21.png
Fearow,22,155.0,380.0,12.0,26.388887,31,normal,flying,https://raw.githubusercontent.com/PokeAPI/sprites/master/sprites/pokemon/22.png
Ekans,23,58.0,69.0,20.0,1.725,32,poison,,https://raw.githubusercontent.com/PokeAPI/sprites/master/sprites/pokemon/23.png
Arbok,24,157.0,650.0,35.0,5.3061223,33,poison,,https://raw.githubusercontent.com/PokeAPI/sprites/master/sprites/pokemon/24.png
Pikachu,25,112.0,60.0,4.0,37.5,35,electric,,https://raw.githubusercontent.com/PokeAPI/sprites/master/sprites/pokemon/25.png
Raichu,26,243.0,300.0,8.0,46.875,51,electric,,https://raw.githubusercontent.com/PokeAPI/sprites/master/sprites/pokemon/26.png
Sandshrew,27,60.0,120.0,6.0,33.333332,53,ground,,https://raw.githubusercontent.com/PokeAPI/sprites/master/sprites/pokemon/27.png
Sandslash,28,158.0,295.0,10.0,29.5,55,ground,,https://raw.githubusercontent.com/PokeAPI/sprites/master/sprites/pokemon/28.png
Nidoran-f,29,55.0,70.0,4.0,43.75,57,poison,,https://raw.githubusercontent.com/PokeAPI/sprites/master/sprites/pokemon/29.png
Nidorina,30,128.0,200.0,8.0,31.25,58,poison,,https://raw.githubusercontent.com/PokeAPI/sprites/master/sprites/pokemon/30.png
Nidoqueen,31,253.0,600.0,13.0,35.50296,59,poison,ground,https://raw.githubusercontent.com/PokeAPI/sprites/master/sprites/pokemon/31.png
Nidoran-m,32,55.0,90.0,5.0,36.0,60,poison,,https://raw.githubusercontent.com/PokeAPI/sprites/master/sprites/pokemon/32.png
Nidorino,33,128.0,195.0,9.0,24.074076,61,poison,,https://raw.githubusercontent.com/PokeAPI/sprites/master/sprites/pokemon/33.png
Nidoking,34,253.0,620.0,14.0,31.632654,62,poison,ground,https://raw.githubusercontent.com/PokeAPI/sprites/master/sprites/pokemon/34.png
Clefairy,35,113.0,75.0,6.0,20.833332,64,fairy,,https://raw.githubusercontent.com/PokeAPI/sprites/master/sprites/pokemon/35.png
Clefable,36,242.0,400.0,13.0,23.66864,65,fairy,,https://raw.githubusercontent.com/PokeAPI/sprites/master/sprites/pokemon/36.png
Vulpix,37,60.0,99.0,6.0,27.499996,66,fire,,https://raw.githubusercontent.com/PokeAPI/sprites/master/sprites/pokemon/37.png
Ninetales,38,177.0,199.0,11.0,16.44628,68,fire,,https://raw.githubusercontent.com/PokeAPI/sprites/master/sprites/pokemon/38.png
Jigglypuff,39,95.0,55.0,5.0,22.0,71,normal,fairy,https://raw.githubusercontent.com/PokeAPI/sprites/master/sprites/pokemon/39.png
Wigglytuff,40,218.0,120.0,10.0,12.0,72,normal,fairy,https://raw.githubusercontent.com/PokeAPI/sprites/master/sprites/pokemon/40.png
Zubat,41,49.0,75.0,8.0,11.71875,73,poison,flying,https://raw.githubusercontent.com/PokeAPI/sprites/master/sprites/pokemon/41.png
Golbat,42,159.0,550.0,16.0,21.484375,74,poison,flying,https://raw.githubusercontent.com/PokeAPI/sprites/master/sprites/pokemon/42.png
Oddish,43,64.0,54.0,5.0,21.6,76,grass,poison,https://raw.githubusercontent.com/PokeAPI/sprites/master/sprites/pokemon/43.png
Gloom,44,138.0,86.0,8.0,13.4375,77,grass,poison,https://raw.githubusercontent.com/PokeAPI/sprites/master/sprites/pokemon/44.png
Vileplume,45,245.0,186.0,12.0,12.916666,78,grass,poison,https://raw.githubusercontent.com/PokeAPI/sprites/master/sprites/pokemon/45.png
Paras,46,57.0,54.0,3.0,59.999996,80,bug,grass,https://raw.githubusercontent.com/PokeAPI/sprites/master/sprites/pokemon/46.png
Parasect,47,142.0,295.0,10.0,29.5,81,bug,grass,https://raw.githubusercontent.com/PokeAPI/sprites/master/sprites/pokemon/47.png
Venonat,48,61.0,300.0,10.0,30.0,82,bug,poison,https://raw.githubusercontent.com/PokeAPI/sprites/master/sprites/pokemon/48.png
Venomoth,49,158.0,125.0,15.0,5.5555553,83,bug,poison,https://raw.githubusercontent.com/PokeAPI/sprites/master/sprites/pokemon/49.png
Diglett,50,53.0,8.0,2.0,20.0,84,ground,,https://raw.githubusercontent.com/PokeAPI/sprites/master/sprites/pokemon/50.png
Dugtrio,51,149.0,333.0,7.0,67.95918,86,ground,,https://raw.githubusercontent.com/PokeAPI/sprites/master/sprites/pokemon/51.png
Meowth,52,58.0,42.0,4.0,26.249998,88,normal,,https://raw.githubusercontent.com/PokeAPI/sprites/master/sprites/pokemon/52.png
Persian,53,154.0,320.0,10.0,32.0,91,normal,,https://raw.githubusercontent.com/PokeAPI/sprites/master/sprites/pokemon/53.png
Psyduck,54,64.0,196.0,8.0,30.625,93,water,,https://raw.githubusercontent.com/PokeAPI/sprites/master/sprites/pokemon/54.png
Golduck,55,175.0,766.0,17.0,26.505188,94,water,,https://raw.githubusercontent.com/PokeAPI/sprites/master/sprites/pokemon/55.png
Mankey,56,61.0,280.0,5.0,112.0,95,fighting,,https://raw.githubusercontent.com/PokeAPI/sprites/master/sprites/pokemon/56.png
Primeape,57,159.0,320.0,10.0,32.0,96,fighting,,https://raw.githubusercontent.com/PokeAPI/sprites/master/sprites/pokemon/57.png
Growlithe,58,70.0,190.0,7.0,38.775513,97,fire,,https://raw.githubusercontent.com/PokeAPI/sprites/master/sprites/pokemon/58.png
Arcanine,59,194.0,1550.0,19.0,42.93629,98,fire,,https://raw.githubusercontent.com/PokeAPI/sprites/master/sprites/pokemon/59.png
Poliwag,60,60.0,124.0,6.0,34.44444,99,water,,https://raw.githubusercontent.com/PokeAPI/sprites/master/sprites/pokemon/60.png
Poliwhirl,61,135.0,200.0,10.0,20.0,100,water,,https://raw.githubusercontent.com/PokeAPI/sprites/master/sprites/pokemon/61.png
Poliwrath,62,255.0,540.0,13.0,31.952665,101,water,fighting,https://raw.githubusercontent.com/PokeAPI/sprites/master/sprites/pokemon/62.png
Abra,63,62.0,195.0,9.0,24.074076,103,psychic,,https://raw.githubusercontent.com/PokeAPI/sprites/master/sprites/pokemon/63.png
Kadabra,64,140.0,565.0,13.0,33.431953,104,psychic,,https://raw.githubusercontent.com/PokeAPI/sprites/master/sprites/pokemon/64.png
Alakazam,65,250.0,480.0,15.0,21.333334,105,psychic,,https://raw.githubusercontent.com/PokeAPI/sprites/master/sprites/pokemon/65.png
Machop,66,61.0,195.0,8.0,30.46875,107,fighting,,https://raw.githubusercontent.com/PokeAPI/sprites/master/sprites/pokemon/66.png
Machoke,67,142.0,705.0,15.0,31.333334,108,fighting,,https://raw.githubusercontent.com/PokeAPI/sprites/master/sprites/pokemon/67.png
Machamp,68,253.0,1300.0,16.0,50.78125,109,fighting,,https://raw.githubusercontent.com/PokeAPI/sprites/master/sprites/pokemon/68.png
Bellsprout,69,60.0,40.0,7.0,8.163265,110,grass,poison,https://raw.githubusercontent.com/PokeAPI/sprites/master/sprites/pokemon/69.png
Weepinbell,70,137.0,64.0,10.0,6.4,111,grass,poison,https://raw.githubusercontent.com/PokeAPI/sprites/master/sprites/pokemon/70.png
Victreebel,71,221.0,155.0,17.0,5.3633213,112,grass,poison,https://raw.githubusercontent.com/PokeAPI/sprites/master/sprites/pokemon/71.png
Tentacool,72,67.0,455.0,9.0,56.172844,113,water,poison,https://raw.githubusercontent.com/PokeAPI/sprites/master/sprites/pokemon/72.png
Tentacruel,73,180.0,550.0,16.0,21.484375,114,water,poison,https://raw.githubusercontent.com/PokeAPI/sprites/master/sprites/pokemon/73.png
Geodude,74,60.0,200.0,4.0,125.0,115,rock,ground,https://raw.githubusercontent.com/PokeAPI/sprites/master/sprites/pokemon/74.png
Graveler,75,137.0,1050.0,10.0,105.0,117,rock,ground,https://raw.githubusercontent.com/PokeAPI/sprites/master/sprites/pokemon/75.png
Golem,76,223.0,3000.0,14.0,153.06123,119,rock,ground,https://raw.githubusercontent.com/PokeAPI/sprites/master/sprites/pokemon/76.png
Ponyta,77,82.0,300.0,10.0,30.0,121,fire,,https://raw.githubusercontent.com/PokeAPI/sprites/master/sprites/pokemon/77.png
Rapidash,78,175.0,950.0,17.0,32.87197,123,fire,,https://raw.githubusercontent.com/PokeAPI/sprites/master/sprites/pokemon/78.png
Slowpoke,79,63.0,360.0,12.0,24.999998,125,water,psychic,https://raw.githubusercontent.com/PokeAPI/sprites/master/sprites/pokemon/79.png
Slowbro,80,172.0,785.0,16.0,30.664062,127,water,psychic,https://raw.githubusercontent.com/PokeAPI/sprites/master/sprites/pokemon/80.png
Magnemite,81,65.0,60.0,3.0,66.666664,132,electric,steel,https://raw.githubusercontent.com/PokeAPI/sprites/master/sprites/pokemon/81.png
Magneton,82,163.0,600.0,10.0,60.0,133,electric,steel,https://raw.githubusercontent.com/PokeAPI/sprites/master/sprites/pokemon/82.png
Farfetchd,83,132.0,150.0,8.0,23.4375,135,normal,flying,https://raw.githubusercontent.com/PokeAPI/sprites/master/sprites/pokemon/83.png
Doduo,84,62.0,392.0,14.0,20.000002,137,normal,flying,https://raw.githubusercontent.com/PokeAPI/sprites/master/sprites/pokemon/84.png
Dodrio,85,165.0,852.0,18.0,26.296297,138,normal,flying,https://raw.githubusercontent.com/PokeAPI/sprites/master/sprites/pokemon/85.png
Seel,86,65.0,900.0,11.0,74.380165,139,water,,https://raw.githubusercontent.com/PokeAPI/sprites/master/sprites/pokemon/86.png
Dewgong,87,166.0,1200.0,17.0,41.522488,140,water,ice,https://raw.githubusercontent.com/PokeAPI/sprites/master/sprites/pokemon/87.png
Grimer,88,65.0,300.0,9.0,37.03704,141,poison,,https://raw.githubusercontent.com/PokeAPI/sprites/master/sprites/pokemon/88.png
Muk,89,175.0,300.0,12.0,20.833332,143,poison,,https://raw.githubusercontent.com/PokeAPI/sprites/master/sprites/pokemon/89.png
Shellder,90,61.0,40.0,3.0,44.444443,145,water,,https://raw.githubusercontent.com/PokeAPI/sprites/master/sprites/pokemon/90.png
Cloyster,91,184.0,1325.0,15.0,58.88889,146,water,ice,https://raw.githubusercontent.com/PokeAPI/sprites/master/sprites/pokemon/91.png
Gastly,92,62.0,1.0,13.0,0.059171602,147,ghost,poison,https://raw.githubusercontent.com/PokeAPI/sprites/master/sprites/pokemon/92.png
Haunter,93,142.0,1.0,16.0,0.0390625,148,ghost,poison,https://raw.githubusercontent.com/PokeAPI/sprites/master/sprites/pokemon/93.png
Gengar,94,250.0,405.0,15.0,18.0,149,ghost,poison,https://raw.githubusercontent.com/PokeAPI/sprites/master/sprites/pokemon/94.png
Onix,95,77.0,2100.0,88.0,2.7117767,151,rock,ground,https://raw.githubusercontent.com/PokeAPI/sprites/master/sprites/pokemon/95.png
Drowzee,96,66.0,324.0,10.0,32.4,154,psychic,,https://raw.githubusercontent.com/PokeAPI/sprites/master/sprites/pokemon/96.png
Hypno,97,169.0,756.0,16.0,29.531248,155,psychic,,https://raw.githubusercontent.com/PokeAPI/sprites/master/sprites/pokemon/97.png
Krabby,98,65.0,65.0,4.0,40.625,156,water,,https://raw.githubusercontent.com/PokeAPI/sprites/master/sprites/pokemon/98.png
Kingler,99,166.0,600.0,13.0,35.50296,157,water,,https://raw.githubusercontent.com/PokeAPI/sprites/master/sprites/pokemon/99.png
Voltorb,100,66.0,104.0,5.0,41.6,158,electric,,https://raw.githubusercontent.com/PokeAPI/sprites/master/sprites/pokemon/100.png
Electrode,101,172.0,666.0,12.0,46.249996,159,electric,,https://raw.githubusercontent.com/PokeAPI/sprites/master/sprites/pokemon/101.png
Exeggcute,102,65.0,25.0,4.0,15.625,160,grass,psychic,https://raw.githubusercontent.com/PokeAPI/sprites/master/sprites/pokemon/102.png
Exeggutor,103,186.0,1200.0,20.0,30.0,161,grass,psychic,https://raw.githubusercontent.com/PokeAPI/sprites/master/sprites/pokemon/103.png
Cubone,104,64.0,65.0,4.0,40.625,163,ground,,https://raw.githubusercontent.com/PokeAPI/sprites/master/sprites/pokemon/104.png
Marowak,105,149.0,450.0,10.0,45.0,164,ground,,https://raw.githubusercontent.com/PokeAPI/sprites/master/sprites/pokemon/105.png
Hitmonlee,106,159.0,498.0,15.0,22.133333,168,fighting,,https://raw.githubusercontent.com/PokeAPI/sprites/master/sprites/pokemon/106.png
Hitmonchan,107,159.0,502.0,14.0,25.612246,169,fighting,,https://raw.githubusercontent.com/PokeAPI/sprites/master/sprites/pokemon/107.png
Lickitung,108,77.0,655.0,12.0,45.486107,171,normal,,https://raw.githubusercontent.com/PokeAPI/sprites/master/sprites/pokemon/108.png
Koffing,109,68.0,10.0,6.0,2.7777777,173,poison,,https://raw.githubusercontent.com/PokeAPI/sprites/master/sprites/pokemon/109.png
Weezing,110,172.0,95.0,12.0,6.597222,174,poison,,https://raw.githubusercontent.com/PokeAPI/sprites/master/sprites/pokemon/110.png
Rhyhorn,111,69.0,1150.0,10.0,115.0,176,ground,rock,https://raw.githubusercontent.com/PokeAPI/sprites/master/sprites/pokemon/111.png
Rhydon,112,170.0,1200.0,19.0,33.240997,177,ground,rock,https://raw.githubusercontent.com/PokeAPI/sprites/master/sprites/pokemon/112.png
Chansey,113,395.0,346.0,11.0,28.59504,180,normal,,https://raw.githubusercontent.com/PokeAPI/sprites/master/sprites/pokemon/113.png
Tangela,114,87.0,350.0,10.0,35.0,182,grass,,https://raw.githubusercontent.com/PokeAPI/sprites/master/sprites/pokemon/114.png
Kangaskhan,115,172.0,800.0,22.0,16.528925,184,normal,,https://raw.githubusercontent.com/PokeAPI/sprites/master/sprites/pokemon/115.png
Horsea,116,59.0,80.0,4.0,50.0,186,water,,https://raw.githubusercontent.com/PokeAPI/sprites/master/sprites/pokemon/116.png
Seadra,117,154.0,250.0,12.0,17.361109,187,water,,https://raw.githubusercontent.com/PokeAPI/sprites/master/sprites/pokemon/117.png
Goldeen,118,64.0,150.0,6.0,41.666664,189,water,,https://raw.githubusercontent.com/PokeAPI/sprites/master/sprites/pokemon/118.png
Seaking,119,158.0,390.0,13.0,23.076925,190,water,,https://raw.githubusercontent.com/PokeAPI/sprites/master/sprites/pokemon/119.png
Staryu,120,68.0,345.0,8.0,53.90625,191,water,,https://raw.githubusercontent.com/PokeAPI/sprites/master/sprites/pokemon/120.png
Starmie,121,182.0,800.0,11.0,66.1157,192,water,psychic,https://raw.githubusercontent.com/PokeAPI/sprites/master/sprites/pokemon/121.png
Mr-mime,122,161.0,545.0,13.0,32.248524,194,psychic,fairy,https://raw.githubusercontent.com/PokeAPI/sprites/master/sprites/pokemon/122.png
Scyther,123,100.0,560.0,15.0,24.88889,196,bug,flying,https://raw.githubusercontent.com/PokeAPI/sprites/master/sprites/pokemon/123.png
Jynx,124,159.0,406.0,14.0,20.714285,200,ice,psychic,https://raw.githubusercontent.com/PokeAPI/sprites/master/sprites/pokemon/124.png
Electabuzz,125,172.0,300.0,11.0,24.793386,202,electric,,https://raw.githubusercontent.com/PokeAPI/sprites/master/sprites/pokemon/125.png
Magmar,126,173.0,445.0,13.0,26.331364,205,fire,,https://raw.githubusercontent.com/PokeAPI/sprites/master/sprites/pokemon/126.png
Pinsir,127,175.0,550.0,15.0,24.444445,207,bug,,https://raw.githubusercontent.com/PokeAPI/sprites/master/sprites/pokemon/127.png
Tauros,128,172.0,884.0,14.0,45.102043,209,normal,,https://raw.githubusercontent.com/PokeAPI/sprites/master/sprites/pokemon/128.png
Magikarp,129,40.0,100.0,9.0,12.345679,210,water,,https://raw.githubusercontent.com/PokeAPI/sprites/master/sprites/pokemon/129.png
Gyarados,130,189.0,2350.0,65.0,5.56213,211,water,flying,https://raw.githubusercontent.com/PokeAPI/sprites/master/sprites/pokemon/130.png
Lapras,131,187.0,2200.0,25.0,35.2,213,water,ice,https://raw.githubusercontent.com/PokeAPI/sprites/master/sprites/pokemon/131.png
Ditto,132,101.0,40.0,3.0,44.444443,214,normal,,https://raw.githubusercontent.com/PokeAPI/sprites/master/sprites/pokemon/132.png
Eevee,133,65.0,65.0,3.0,72.22221,215,normal,,https://raw.githubusercontent.com/PokeAPI/sprites/master/sprites/pokemon/133.png
Vaporeon,134,184.0,290.0,10.0,29.0,217,water,,https://raw.githubusercontent.com/PokeAPI/sprites/master/sprites/pokemon/134.png
Jolteon,135,184.0,245.0,8.0,38.28125,218,electric,,https://raw.githubusercontent.com/PokeAPI/sprites/master/sprites/pokemon/135.png
Flareon,136,184.0,250.0,9.0,30.864199,219,fire,,https://raw.githubusercontent.com/PokeAPI/sprites/master/sprites/pokemon/136.png
Porygon,137,79.0,365.0,8.0,57.03125,225,normal,,https://raw.githubusercontent.com/PokeAPI/sprites/master/sprites/pokemon/137.png
Omanyte,138,71.0,75.0,4.0,46.875,228,rock,water,https://raw.githubusercontent.com/PokeAPI/sprites/master/sprites/pokemon/138.png
Omastar,139,173.0,350.0,10.0,35.0,229,rock,water,https://raw.githubusercontent.com/PokeAPI/sprites/master/sprites/pokemon/139.png
Kabuto,140,71.0,115.0,5.0,46.0,230,rock,water,https://raw.githubusercontent.com/PokeAPI/sprites/master/sprites/pokemon/140.png
Kabutops,141,173.0,405.0,13.0,23.964499,231,rock,water,https://raw.githubusercontent.com/PokeAPI/sprites/master/sprites/pokemon/141.png
Aerodactyl,142,180.0,590.0,18.0,18.209877,232,rock,flying,https://raw.githubusercontent.com/PokeAPI/sprites/master/sprites/pokemon/142.png
Snorlax,143,189.0,4600.0,21.0,104.3084,235,normal,,https://raw.githubusercontent.com/PokeAPI/sprites/master/sprites/pokemon/143.png
Articuno,144,290.0,554.0,17.0,19.16955,236,ice,flying,https://raw.githubusercontent.com/PokeAPI/sprites/master/sprites/pokemon/144.png
Zapdos,145,290.0,526.0,16.0,20.546873,238,electric,flying,https://raw.githubusercontent.com/PokeAPI/sprites/master/sprites/pokemon/145.png
Moltres,146,290.0,600.0,20.0,15.0,240,fire,flying,https://raw.githubusercontent.com/PokeAPI/sprites/master/sprites/pokemon/146.png
Dratini,147,60.0,33.0,18.0,1.0185186,242,dragon,,https://raw.githubusercontent.com/PokeAPI/sprites/master/sprites/pokemon/147.png
Dragonair,148,147.0,165.0,40.0,1.03125,243,dragon,,https://raw.githubusercontent.com/PokeAPI/sprites/master/sprites/pokemon/148.png
Dragonite,149,300.0,2100.0,22.0,43.388428,244,dragon,flying,https://raw.githubusercontent.com/PokeAPI/sprites/master/sprites/pokemon/149.png
Mewtwo,150,340.0,1220.0,20.0,30.5,245,psychic,,https://raw.githubusercontent.com/PokeAPI/sprites/master/sprites/pokemon/150.png
Mew,151,300.0,40.0,4.0,25.0,248,psychic,,https://raw.githubusercontent.com/PokeAPI/sprites/master/sprites/pokemon/151.png
Chikorita,152,64.0,64.0,9.0,7.901235,249,grass,,https://raw.githubusercontent.com/PokeAPI/sprites/master/sprites/pokemon/152.png
Bayleef,153,142.0,158.0,12.0,10.972221,250,grass,,https://raw.githubusercontent.com/PokeAPI/sprites/master/sprites/pokemon/153.png
Meganium,154,236.0,1005.0,18.0,31.01852,251,grass,,https://raw.githubusercontent.com/PokeAPI/sprites/master/sprites/pokemon/154.png
Cyndaquil,155,62.0,79.0,5.0,31.6,252,fire,,https://raw.githubusercontent.com/PokeAPI/sprites/master/sprites/pokemon/155.png
Quilava,156,142.0,190.0,9.0,23.45679,253,fire,,https://raw.githubusercontent.com/PokeAPI/sprites/master/sprites/pokemon/156.png
Typhlosion,157,240.0,795.0,17.0,27.50865,254,fire,,https://raw.githubusercontent.com/PokeAPI/sprites/master/sprites/pokemon/157.png
Totodile,158,63.0,95.0,6.0,26.388887,255,water,,https://raw.githubusercontent.com/PokeAPI/sprites/master/sprites/pokemon/158.png
Croconaw,159,142.0,250.0,11.0,20.661156,256,water,,https://raw.githubusercontent.com/PokeAPI/sprites/master/sprites/pokemon/159.png
Feraligatr,160,239.0,888.0,23.0,16.78639,257,water,,https://raw.githubusercontent.com/PokeAPI/sprites/master/sprites/pokemon/160.png
Sentret,161,43.0,60.0,8.0,9.375,258,normal,,https://raw.githubusercontent.com/PokeAPI/sprites/master/sprites/pokemon/161.png
Furret,162,145.0,325.0,18.0,10.030865,259,normal,,https://raw.githubusercontent.com/PokeAPI/sprites/master/sprites/pokemon/162.png
Hoothoot,163,52.0,212.0,7.0,43.26531,260,normal,flying,https://raw.githubusercontent.com/PokeAPI/sprites/master/sprites/pokemon/163.png
Noctowl,164,158.0,408.0,16.0,15.937499,261,normal,flying,https://raw.githubusercontent.com/PokeAPI/sprites/master/sprites/pokemon/164.png
Ledyba,165,53.0,108.0,10.0,10.8,262,bug,flying,https://raw.githubusercontent.com/PokeAPI/sprites/master/sprites/pokemon/165.png
Ledian,166,137.0,356.0,14.0,18.163265,263,bug,flying,https://raw.githubusercontent.com/PokeAPI/sprites/master/sprites/pokemon/166.png
Spinarak,167,50.0,85.0,5.0,34.0,264,bug,poison,https://raw.githubusercontent.com/PokeAPI/sprites/master/sprites/pokemon/167.png
Ariados,168,140.0,335.0,11.0,27.68595,265,bug,poison,https://raw.githubusercontent.com/PokeAPI/sprites/master/sprites/pokemon/168.png
Crobat,169,268.0,750.0,18.0,23.14815,75,poison,flying,https://raw.githubusercontent.com/PokeAPI/sprites/master/sprites/pokemon/169.png
Chinchou,170,66.0,120.0,5.0,48.0,266,water,electric,https://raw.githubusercontent.com/PokeAPI/sprites/master/sprites/pokemon/170.png
Lanturn,171,161.0,225.0,12.0,15.624999,267,water,electric,https://raw.githubusercontent.com/PokeAPI/sprites/master/sprites/pokemon/171.png
Pichu,172,41.0,20.0,3.0,22.222221,34,electric,,https://raw.githubusercontent.com/PokeAPI/sprites/master/sprites/pokemon/172.png
Cleffa,173,44.0,30.0,3.0,33.333332,63,fairy,,https://raw.githubusercontent.com/PokeAPI/sprites/master/sprites/pokemon/173.png
Igglybuff,174,42.0,10.0,3.0,11.111111,70,normal,fairy,https://raw.githubusercontent.com/PokeAPI/sprites/master/sprites/pokemon/174.png
Togepi,175,49.0,15.0,3.0,16.666666,268,fairy,,https://raw.githubusercontent.com/PokeAPI/sprites/master/sprites/pokemon/175.png
Togetic,176,142.0,32.0,6.0,8.888888,269,fairy,flying,https://raw.githubusercontent.com/PokeAPI/sprites/master/sprites/pokemon/176.png
Natu,177,64.0,20.0,2.0,50.0,271,psychic,flying,https://raw.githubusercontent.com/PokeAPI/sprites/master/sprites/pokemon/177.png
Xatu,178,165.0,150.0,15.0,6.6666665,272,psychic,flying,https://raw.githubusercontent.com/PokeAPI/sprites/master/sprites/pokemon/178.png
Mareep,179,56.0,78.0,6.0,21.666666,273,electric,,https://raw.githubusercontent.com/PokeAPI/sprites/master/sprites/pokemon/179.png
Flaaffy,180,128.0,133.0,8.0,20.78125,274,electric,,https://raw.githubusercontent.com/PokeAPI/sprites/master/sprites/pokemon/180.png
Ampharos,181,230.0,615.0,14.0,31.377552,275,electric,,https://raw.githubusercontent.com/PokeAPI/sprites/master/sprites/pokemon/181.png
Bellossom,182,245.0,58.0,4.0,36.25,79,grass,,https://raw.githubusercontent.com/PokeAPI/sprites/master/sprites/pokemon/182.png
Marill,183,88.0,85.0,4.0,53.125,278,water,fairy,https://raw.githubusercontent.com/PokeAPI/sprites/master/sprites/pokemon/183.png
Azumarill,184,210.0,285.0,8.0,44.53125,279,water,fairy,https://raw.githubusercontent.com/PokeAPI/sprites/master/sprites/pokemon/184.png
Sudowoodo,185,144.0,380.0,12.0,26.388887,281,rock,,https://raw.githubusercontent.com/PokeAPI/sprites/master/sprites/pokemon/185.png
Politoed,186,250.0,339.0,11.0,28.01653,102,water,,https://raw.githubusercontent.com/PokeAPI/sprites/master/sprites/pokemon/186.png
Hoppip,187,50.0,5.0,4.0,3.125,282,grass,flying,https://raw.githubusercontent.com/PokeAPI/sprites/master/sprites/pokemon/187.png
Skiploom,188,119.0,10.0,6.0,2.7777777,283,grass,flying,https://raw.githubusercontent.com/PokeAPI/sprites/master/sprites/pokemon/188.png
Jumpluff,189,207.0,30.0,8.0,4.6875,284,grass,flying,https://raw.githubusercontent.com/PokeAPI/sprites/master/sprites/pokemon/189.png
Aipom,190,72.0,115.0,8.0,17.96875,285,normal,,https://raw.githubusercontent.com/PokeAPI/sprites/master/sprites/pokemon/190.png
Sunkern,191,36.0,18.0,3.0,19.999998,287,grass,,https://raw.githubusercontent.com/PokeAPI/sprites/master/sprites/pokemon/191.png
Sunflora,192,149.0,85.0,8.0,13.28125,288,grass,,https://raw.githubusercontent.com/PokeAPI/sprites/master/sprites/pokemon/192.png
Yanma,193,78.0,380.0,12.0,26.388887,289,bug,flying,https://raw.githubusercontent.com/PokeAPI/sprites/master/sprites/pokemon/193.png
Wooper,194,42.0,85.0,4.0,53.125,291,water,ground,https://raw.githubusercontent.com/PokeAPI/sprites/master/sprites/pokemon/194.png
Quagsire,195,151.0,750.0,14.0,38.26531,292,water,ground,https://raw.githubusercontent.com/PokeAPI/sprites/master/sprites/pokemon/195.png
Espeon,196,184.0,265.0,9.0,32.716053,220,psychic,,https://raw.githubusercontent.com/PokeAPI/sprites/master/sprites/pokemon/196.png
Umbreon,197,184.0,270.0,10.0,27.0,221,dark,,https://raw.githubusercontent.com/PokeAPI/sprites/master/sprites/pokemon/197.png
Murkrow,198,81.0,21.0,5.0,8.4,293,dark,flying,https://raw.githubusercontent.com/PokeAPI/sprites/master/sprites/pokemon/198.png
Slowking,199,172.0,795.0,20.0,19.875,130,water,psychic,https://raw.githubusercontent.com/PokeAPI/sprites/master/sprites/pokemon/199.png
Misdreavus,200,87.0,10.0,7.0,2.0408163,295,ghost,,https://raw.githubusercontent.com/PokeAPI/sprites/master/sprites/pokemon/200.png
Unown,201,118.0,50.0,5.0,20.0,297,psychic,,https://raw.githubusercontent.com/PokeAPI/sprites/master/sprites/pokemon/201.png
Wobbuffet,202,142.0,285.0,13.0,16.863907,299,psychic,,https://raw.githubusercontent.com/PokeAPI/sprites/master/sprites/pokemon/202.png
Girafarig,203,159.0,415.0,15.0,18.444445,300,normal,psychic,https://raw.githubusercontent.com/PokeAPI/sprites/master/sprites/pokemon/203.png
Pineco,204,58.0,72.0,6.0,19.999998,301,bug,,https://raw.githubusercontent.com/PokeAPI/sprites/master/sprites/pokemon/204.png
Forretress,205,163.0,1258.0,12.0,87.36111,302,bug,steel,https://raw.githubusercontent.com/PokeAPI/sprites/master/sprites/pokemon/205.png
Dunsparce,206,145.0,140.0,15.0,6.2222223,303,normal,,https://raw.githubusercontent.com/PokeAPI/sprites/master/sprites/pokemon/206.png
Gligar,207,86.0,648.0,11.0,53.55372,304,ground,flying,https://raw.githubusercontent.com/PokeAPI/sprites/master/sprites/pokemon/207.png
Steelix,208,179.0,4000.0,92.0,4.7258983,152,steel,ground,https://raw.githubusercontent.com/PokeAPI/sprites/master/sprites/pokemon/208.png
Snubbull,209,60.0,78.0,6.0,21.666666,306,fairy,,https://raw.githubusercontent.com/PokeAPI/sprites/master/sprites/pokemon/209.png
Granbull,210,158.0,487.0,14.0,24.84694,307,fairy,,https://raw.githubusercontent.com/PokeAPI/sprites/master/sprites/pokemon/210.png
Qwilfish,211,88.0,39.0,5.0,15.6,308,water,poison,https://raw.githubusercontent.com/PokeAPI/sprites/master/sprites/pokemon/211.png
Scizor,212,175.0,1180.0,18.0,36.419754,197,bug,steel,https://raw.githubusercontent.com/PokeAPI/sprites/master/sprites/pokemon/212.png
Shuckle,213,177.0,205.0,6.0,56.94444,309,bug,rock,https://raw.githubusercontent.com/PokeAPI/sprites/master/sprites/pokemon/213.png
Heracross,214,175.0,540.0,15.0,24.0,310,bug,fighting,https://raw.githubusercontent.com/PokeAPI/sprites/master/sprites/pokemon/214.png
Sneasel,215,86.0,280.0,9.0,34.5679,312,dark,ice,https://raw.githubusercontent.com/PokeAPI/sprites/master/sprites/pokemon/215.png
Teddiursa,216,66.0,88.0,6.0,24.444443,314,normal,,https://raw.githubusercontent.com/PokeAPI/sprites/master/sprites/pokemon/216.png
Ursaring,217,175.0,1258.0,18.0,38.827164,315,normal,,https://raw.githubusercontent.com/PokeAPI/sprites/master/sprites/pokemon/217.png
Slugma,218,50.0,350.0,7.0,71.42857,316,fire,,https://raw.githubusercontent.com/PokeAPI/sprites/master/sprites/pokemon/218.png
Magcargo,219,151.0,550.0,8.0,85.9375,317,fire,rock,https://raw.githubusercontent.com/PokeAPI/sprites/master/sprites/pokemon/219.png
Swinub,220,50.0,65.0,4.0,40.625,318,ice,ground,https://raw.githubusercontent.com/PokeAPI/sprites/master/sprites/pokemon/220.png
Piloswine,221,158.0,558.0,11.0,46.1157,319,ice,ground,https://raw.githubusercontent.com/PokeAPI/sprites/master/sprites/pokemon/221.png
Corsola,222,144.0,50.0,6.0,13.888887,321,water,rock,https://raw.githubusercontent.com/PokeAPI/sprites/master/sprites/pokemon/222.png
Remoraid,223,60.0,120.0,6.0,33.333332,323,water,,https://raw.githubusercontent.com/PokeAPI/sprites/master/sprites/pokemon/223.png
Octillery,224,168.0,285.0,9.0,35.18519,324,water,,https://raw.githubusercontent.com/PokeAPI/sprites/master/sprites/pokemon/224.png
Delibird,225,116.0,160.0,9.0,19.753088,325,ice,flying,https://raw.githubusercontent.com/PokeAPI/sprites/master/sprites/pokemon/225.png
Mantine,226,170.0,2200.0,21.0,49.886627,327,water,flying,https://raw.githubusercontent.com/PokeAPI/sprites/master/sprites/pokemon/226.png
Skarmory,227,163.0,505.0,17.0,17.474047,328,steel,flying,https://raw.githubusercontent.com/PokeAPI/sprites/master/sprites/pokemon/227.png
Houndour,228,66.0,108.0,6.0,29.999998,329,dark,fire,https://raw.githubusercontent.com/PokeAPI/sprites/master/sprites/pokemon/228.png
Houndoom,229,175.0,350.0,14.0,17.857143,330,dark,fire,https://raw.githubusercontent.com/PokeAPI/sprites/master/sprites/pokemon/229.png
Kingdra,230,270.0,1520.0,18.0,46.91358,188,water,dragon,https://raw.githubusercontent.com/PokeAPI/sprites/master/sprites/pokemon/230.png
Phanpy,231,66.0,335.0,5.0,134.0,332,ground,,https://raw.githubusercontent.com/PokeAPI/sprites/master/sprites/pokemon/231.png
Donphan,232,175.0,1200.0,11.0,99.173546,333,ground,,https://raw.githubusercontent.com/PokeAPI/sprites/master/sprites/pokemon/232.png
Porygon2,233,180.0,325.0,6.0,90.27777,226,normal,,https://raw.githubusercontent.com/PokeAPI/sprites/master/sprites/pokemon/233.png
Stantler,234,163.0,712.0,14.0,36.32653,334,normal,,https://raw.githubusercontent.com/PokeAPI/sprites/master/sprites/pokemon/234.png
Smeargle,235,88.0,580.0,12.0,40.277775,335,normal,,https://raw.githubusercontent.com/PokeAPI/sprites/master/sprites/pokemon/235.png
Tyrogue,236,42.0,210.0,7.0,42.857143,167,fighting,,https://raw.githubusercontent.com/PokeAPI/sprites/master/sprites/pokemon/236.png
Hitmontop,237,159.0,480.0,14.0,24.489798,170,fighting,,https://raw.githubusercontent.com/PokeAPI/sprites/master/sprites/pokemon/237.png
Smoochum,238,61.0,60.0,4.0,37.5,199,ice,psychic,https://raw.githubusercontent.com/PokeAPI/sprites/master/sprites/pokemon/238.png
Elekid,239,72.0,235.0,6.0,65.27777,201,electric,,https://raw.githubusercontent.com/PokeAPI/sprites/master/sprites/pokemon/239.png
Magby,240,73.0,214.0,7.0,43.67347,204,fire,,https://raw.githubusercontent.com/PokeAPI/sprites/master/sprites/pokemon/240.png
Miltank,241,172.0,755.0,12.0,52.43055,336,normal,,https://raw.githubusercontent.com/PokeAPI/sprites/master/sprites/pokemon/241.png
Blissey,242,635.0,468.0,15.0,20.8,181,normal,,https://raw.githubusercontent.com/PokeAPI/sprites/master/sprites/pokemon/242.png
Raikou,243,290.0,1780.0,19.0,49.30748,337,electric,,https://raw.githubusercontent.com/PokeAPI/sprites/master/sprites/pokemon/243.png
Entei,244,290.0,1980.0,21.0,44.897964,338,fire,,https://raw.githubusercontent.com/PokeAPI/sprites/master/sprites/pokemon/244.png
Suicune,245,290.0,1870.0,20.0,46.75,339,water,,https://raw.githubusercontent.com/PokeAPI/sprites/master/sprites/pokemon/245.png
Larvitar,246,60.0,720.0,6.0,199.99998,340,rock,ground,https://raw.githubusercontent.com/PokeAPI/sprites/master/sprites/pokemon/246.png
Pupitar,247,144.0,1520.0,12.0,105.55555,341,rock,ground,https://raw.githubusercontent.com/PokeAPI/sprites/master/sprites/pokemon/247.png
Tyranitar,248,300.0,2020.0,20.0,50.5,342,rock,dark,https://raw.githubusercontent.com/PokeAPI/sprites/master/sprites/pokemon/248.png
Lugia,249,340.0,2160.0,52.0,7.9881663,344,psychic,flying,https://raw.githubusercontent.com/PokeAPI/sprites/master/sprites/pokemon/249.png
Ho-oh,250,340.0,1990.0,38.0,13.781164,345,fire,flying,https://raw.githubusercontent.com/PokeAPI/sprites/master/sprites/pokemon/250.png
Celebi,251,300.0,50.0,6.0,13.888887,346,psychic,grass,https://raw.githubusercontent.com/PokeAPI/sprites/master/sprites/pokemon/251.png
Treecko,252,62.0,50.0,5.0,20.0,347,grass,,https://raw.githubusercontent.com/PokeAPI/sprites/master/sprites/pokemon/252.png
Grovyle,253,142.0,216.0,9.0,26.666668,348,grass,,https://raw.githubusercontent.com/PokeAPI/sprites/master/sprites/pokemon/253.png
Sceptile,254,265.0,522.0,17.0,18.062283,349,grass,,https://raw.githubusercontent.com/PokeAPI/sprites/master/sprites/pokemon/254.png
Torchic,255,62.0,25.0,4.0,15.625,351,fire,,https://raw.githubusercontent.com/PokeAPI/sprites/master/sprites/pokemon/255.png
Combusken,256,142.0,195.0,9.0,24.074076,352,fire,fighting,https://raw.githubusercontent.com/PokeAPI/sprites/master/sprites/pokemon/256.png
Blaziken,257,265.0,520.0,19.0,14.404432,353,fire,fighting,https://raw.githubusercontent.com/PokeAPI/sprites/master/sprites/pokemon/257.png
Mudkip,258,62.0,76.0,4.0,47.499996,355,water,,https://raw.githubusercontent.com/PokeAPI/sprites/master/sprites/pokemon/258.png
Marshtomp,259,142.0,280.0,7.0,57.14286,356,water,ground,https://raw.githubusercontent.com/PokeAPI/sprites/master/sprites/pokemon/259.png
Swampert,260,268.0,819.0,15.0,36.4,357,water,ground,https://raw.githubusercontent.com/PokeAPI/sprites/master/sprites/pokemon/260.png
Poochyena,261,56.0,136.0,5.0,54.4,359,dark,,https://raw.githubusercontent.com/PokeAPI/sprites/master/sprites/pokemon/261.png
Mightyena,262,147.0,370.0,10.0,37.0,360,dark,,https://raw.githubusercontent.com/PokeAPI/sprites/master/sprites/pokemon/262.png
Zigzagoon,263,56.0,175.0,4.0,109.375,361,normal,,https://raw.githubusercontent.com/PokeAPI/sprites/master/sprites/pokemon/263.png
Linoone,264,147.0,325.0,5.0,130.0,363,normal,,https://raw.githubusercontent.com/PokeAPI/sprites/master/sprites/pokemon/264.png
Wurmple,265,56.0,36.0,3.0,39.999996,365,bug,,https://raw.githubusercontent.com/PokeAPI/sprites/master/sprites/pokemon/265.png
Silcoon,266,72.0,100.0,6.0,27.777775,366,bug,,https://raw.githubusercontent.com/PokeAPI/sprites/master/sprites/pokemon/266.png
Beautifly,267,178.0,284.0,10.0,28.4,367,bug,flying,https://raw.githubusercontent.com/PokeAPI/sprites/master/sprites/pokemon/267.png
Cascoon,268,72.0,115.0,7.0,23.469389,368,bug,,https://raw.githubusercontent.com/PokeAPI/sprites/master/sprites/pokemon/268.png
Dustox,269,173.0,316.0,12.0,21.944443,369,bug,poison,https://raw.githubusercontent.com/PokeAPI/sprites/master/sprites/pokemon/269.png
Lotad,270,44.0,26.0,5.0,10.4,370,water,grass,https://raw.githubusercontent.com/PokeAPI/sprites/master/sprites/pokemon/270.png
Lombre,271,119.0,325.0,12.0,22.569443,371,water,grass,https://raw.githubusercontent.com/PokeAPI/sprites/master/sprites/pokemon/271.png
Ludicolo,272,240.0,550.0,15.0,24.444445,372,water,grass,https://raw.githubusercontent.com/PokeAPI/sprites/master/sprites/pokemon/272.png
Seedot,273,44.0,40.0,5.0,16.0,373,grass,,https://raw.githubusercontent.com/PokeAPI/sprites/master/sprites/pokemon/273.png
Nuzleaf,274,119.0,280.0,10.0,28.0,374,grass,dark,https://raw.githubusercontent.com/PokeAPI/sprites/master/sprites/pokemon/274.png
Shiftry,275,240.0,596.0,13.0,35.266273,375,grass,dark,https://raw.githubusercontent.com/PokeAPI/sprites/master/sprites/pokemon/275.png
Taillow,276,54.0,23.0,3.0,25.555553,376,normal,flying,https://raw.githubusercontent.com/PokeAPI/sprites/master/sprites/pokemon/276.png
Swellow,277,159.0,198.0,7.0,40.408165,377,normal,flying,https://raw.githubusercontent.com/PokeAPI/sprites/master/sprites/pokemon/277.png
Wingull,278,54.0,95.0,6.0,26.388887,378,water,flying,https://raw.githubusercontent.com/PokeAPI/sprites/master/sprites/pokemon/278.png
Pelipper,279,154.0,280.0,12.0,19.444443,379,water,flying,https://raw.githubusercontent.com/PokeAPI/sprites/master/sprites/pokemon/279.png
Ralts,280,40.0,66.0,4.0,41.25,380,psychic,fairy,https://raw.githubusercontent.com/PokeAPI/sprites/master/sprites/pokemon/280.png
Kirlia,281,97.0,202.0,8.0,31.5625,381,psychic,fairy,https://raw.githubusercontent.com/PokeAPI/sprites/master/sprites/pokemon/281.png
Gardevoir,282,259.0,484.0,16.0,18.90625,382,psychic,fairy,https://raw.githubusercontent.com/PokeAPI/sprites/master/sprites/pokemon/282.png
Surskit,283,54.0,17.0,5.0,6.8,386,bug,water,https://raw.githubusercontent.com/PokeAPI/sprites/master/sprites/pokemon/283.png
Masquerain,284,159.0,36.0,8.0,5.6249995,387,bug,flying,https://raw.githubusercontent.com/PokeAPI/sprites/master/sprites/pokemon/284.png
Shroomish,285,59.0,45.0,4.0,28.125,388,grass,,https://raw.githubusercontent.com/PokeAPI/sprites/master/sprites/pokemon/285.png
Breloom,286,161.0,392.0,12.0,27.222221,389,grass,fighting,https://raw.githubusercontent.com/PokeAPI/sprites/master/sprites/pokemon/286.png
Slakoth,287,56.0,240.0,8.0,37.5,390,normal,,https://raw.githubusercontent.com/PokeAPI/sprites/master/sprites/pokemon/287.png
Vigoroth,288,154.0,465.0,14.0,23.724491,391,normal,,https://raw.githubusercontent.com/PokeAPI/sprites/master/sprites/pokemon/288.png
Slaking,289,252.0,1305.0,20.0,32.625,392,normal,,https://raw.githubusercontent.com/PokeAPI/sprites/master/sprites/pokemon/289.png
Nincada,290,53.0,55.0,5.0,22.0,393,bug,ground,https://raw.githubusercontent.com/PokeAPI/sprites/master/sprites/pokemon/290.png
Ninjask,291,160.0,120.0,8.0,18.75,394,bug,flying,https://raw.githubusercontent.com/PokeAPI/sprites/master/sprites/pokemon/291.png
Shedinja,292,83.0,12.0,8.0,1.875,395,bug,ghost,https://raw.githubusercontent.com/PokeAPI/sprites/master/sprites/pokemon/292.png
Whismur,293,48.0,163.0,6.0,45.27777,396,normal,,https://raw.githubusercontent.com/PokeAPI/sprites/master/sprites/pokemon/293.png
Loudred,294,126.0,405.0,10.0,40.5,397,normal,,https://raw.githubusercontent.com/PokeAPI/sprites/master/sprites/pokemon/294.png
Exploud,295,245.0,840.0,15.0,37.333332,398,normal,,https://raw.githubusercontent.com/PokeAPI/sprites/master/sprites/pokemon/295.png
Makuhita,296,47.0,864.0,10.0,86.4,399,fighting,,https://raw.githubusercontent.com/PokeAPI/sprites/master/sprites/pokemon/296.png
Hariyama,297,166.0,2538.0,23.0,47.977318,400,fighting,,https://raw.githubusercontent.com/PokeAPI/sprites/master/sprites/pokemon/297.png
Azurill,298,38.0,20.0,2.0,50.0,277,normal,fairy,https://raw.githubusercontent.com/PokeAPI/sprites/master/sprites/pokemon/298.png
Nosepass,299,75.0,970.0,10.0,97.0,401,rock,,https://raw.githubusercontent.com/PokeAPI/sprites/master/sprites/pokemon/299.png
Skitty,300,52.0,110.0,6.0,30.555553,403,normal,,https://raw.githubusercontent.com/PokeAPI/sprites/master/sprites/pokemon/300.png
Delcatty,301,140.0,326.0,11.0,26.942146,404,normal,,https://raw.githubusercontent.com/PokeAPI/sprites/master/sprites/pokemon/301.png
Sableye,302,133.0,110.0,5.0,44.0,405,dark,ghost,https://raw.githubusercontent.com/PokeAPI/sprites/master/sprites/pokemon/302.png
Mawile,303,133.0,115.0,6.0,31.944443,407,steel,fairy,https://raw.githubusercontent.com/PokeAPI/sprites/master/sprites/pokemon/303.png
Aron,304,66.0,600.0,4.0,375.0,409,steel,rock,https://raw.githubusercontent.com/PokeAPI/sprites/master/sprites/pokemon/304.png
Lairon,305,151.0,1200.0,9.0,148.14816,410,steel,rock,https://raw.githubusercontent.com/PokeAPI/sprites/master/sprites/pokemon/305.png
Aggron,306,265.0,3600.0,21.0,81.63266,411,steel,rock,https://raw.githubusercontent.com/PokeAPI/sprites/master/sprites/pokemon/306.png
Meditite,307,56.0,112.0,6.0,31.111109,413,fighting,psychic,https://raw.githubusercontent.com/PokeAPI/sprites/master/sprites/pokemon/307.png
Medicham,308,144.0,315.0,13.0,18.639055,414,fighting,psychic,https://raw.githubusercontent.com/PokeAPI/sprites/master/sprites/pokemon/308.png
Electrike,309,59.0,152.0,6.0,42.222218,416,electric,,https://raw.githubusercontent.com/PokeAPI/sprites/master/sprites/pokemon/309.png
Manectric,310,166.0,402.0,15.0,17.866667,417,electric,,https://raw.githubusercontent.com/PokeAPI/sprites/master/sprites/pokemon/310.png
Plusle,311,142.0,42.0,4.0,26.249998,419,electric,,https://raw.githubusercontent.com/PokeAPI/sprites/master/sprites/pokemon/311.png
Minun,312,142.0,42.0,4.0,26.249998,420,electric,,https://raw.githubusercontent.com/PokeAPI/sprites/master/sprites/pokemon/312.png
Volbeat,313,151.0,177.0,7.0,36.12245,421,bug,,https://raw.githubusercontent.com/PokeAPI/sprites/master/sprites/pokemon/313.png
Illumise,314,151.0,177.0,6.0,49.166664,422,bug,,https://raw.githubusercontent.com/PokeAPI/sprites/master/sprites/pokemon/314.png
Roselia,315,140.0,20.0,3.0,22.222221,424,grass,poison,https://raw.githubusercontent.com/PokeAPI/sprites/master/sprites/pokemon/315.png
Gulpin,316,60.0,103.0,4.0,64.375,426,poison,,https://raw.githubusercontent.com/PokeAPI/sprites/master/sprites/pokemon/316.png
Swalot,317,163.0,800.0,17.0,27.68166,427,poison,,https://raw.githubusercontent.com/PokeAPI/sprites/master/sprites/pokemon/317.png
Carvanha,318,61.0,208.0,8.0,32.499996,428,water,dark,https://raw.githubusercontent.com/PokeAPI/sprites/master/sprites/pokemon/318.png
Sharpedo,319,161.0,888.0,18.0,27.40741,429,water,dark,https://raw.githubusercontent.com/PokeAPI/sprites/master/sprites/pokemon/319.png
Wailmer,320,80.0,1300.0,20.0,32.5,431,water,,https://raw.githubusercontent.com/PokeAPI/sprites/master/sprites/pokemon/320.png
Wailord,321,175.0,3980.0,145.0,1.8929845,432,water,,https://raw.githubusercontent.com/PokeAPI/sprites/master/sprites/pokemon/321.png
Numel,322,61.0,240.0,7.0,48.979595,433,fire,ground,https://raw.githubusercontent.com/PokeAPI/sprites/master/sprites/pokemon/322.png
Camerupt,323,161.0,2200.0,19.0,60.94183,434,fire,ground,https://raw.githubusercontent.com/PokeAPI/sprites/master/sprites/pokemon/323.png
Torkoal,324,165.0,804.0,5.0,321.6,436,fire,,https://raw.githubusercontent.com/PokeAPI/sprites/master/sprites/pokemon/324.png
Spoink,325,66.0,306.0,7.0,62.448982,437,psychic,,https://raw.githubusercontent.com/PokeAPI/sprites/master/sprites/pokemon/325.png
Grumpig,326,165.0,715.0,9.0,88.27161,438,psychic,,https://raw.githubusercontent.com/PokeAPI/sprites/master/sprites/pokemon/326.png
Spinda,327,126.0,50.0,11.0,4.132231,439,normal,,https://raw.githubusercontent.com/PokeAPI/sprites/master/sprites/pokemon/327.png
Trapinch,328,58.0,150.0,7.0,30.612246,440,ground,,https://raw.githubusercontent.com/PokeAPI/sprites/master/sprites/pokemon/328.png
Vibrava,329,119.0,153.0,11.0,12.644628,441,ground,dragon,https://raw.githubusercontent.com/PokeAPI/sprites/master/sprites/pokemon/329.png
Flygon,330,260.0,820.0,20.0,20.5,442,ground,dragon,https://raw.githubusercontent.com/PokeAPI/sprites/master/sprites/pokemon/330.png
Cacnea,331,67.0,513.0,4.0,320.625,443,grass,,https://raw.githubusercontent.com/PokeAPI/sprites/master/sprites/pokemon/331.png
Cacturne,332,166.0,774.0,13.0,45.79882,444,grass,dark,https://raw.githubusercontent.com/PokeAPI/sprites/master/sprites/pokemon/332.png
Swablu,333,62.0,12.0,4.0,7.5,445,normal,flying,https://raw.githubusercontent.com/PokeAPI/sprites/master/sprites/pokemon/333.png
Altaria,334,172.0,206.0,11.0,17.024794,446,dragon,flying,https://raw.githubusercontent.com/PokeAPI/sprites/master/sprites/pokemon/334.png
Zangoose,335,160.0,403.0,13.0,23.846155,448,normal,,https://raw.githubusercontent.com/PokeAPI/sprites/master/sprites/pokemon/335.png
Seviper,336,160.0,525.0,27.0,7.201646,449,poison,,https://raw.githubusercontent.com/PokeAPI/sprites/master/sprites/pokemon/336.png
Lunatone,337,161.0,1680.0,10.0,168.0,450,rock,psychic,https://raw.githubusercontent.com/PokeAPI/sprites/master/sprites/pokemon/337.png
Solrock,338,161.0,1540.0,12.0,106.944435,451,rock,psychic,https://raw.githubusercontent.com/PokeAPI/sprites/master/sprites/pokemon/338.png
Barboach,339,58.0,19.0,4.0,11.874999,452,water,ground,https://raw.githubusercontent.com/PokeAPI/sprites/master/sprites/pokemon/339.png
Whiscash,340,164.0,236.0,9.0,29.135805,453,water,ground,https://raw.githubusercontent.com/PokeAPI/sprites/master/sprites/pokemon/340.png
Corphish,341,62.0,115.0,6.0,31.944443,454,water,,https://raw.githubusercontent.com/PokeAPI/sprites/master/sprites/pokemon/341.png
Crawdaunt,342,164.0,328.0,11.0,27.107437,455,water,dark,https://raw.githubusercontent.com/PokeAPI/sprites/master/sprites/pokemon/342.png
Baltoy,343,60.0,215.0,5.0,86.0,456,ground,psychic,https://raw.githubusercontent.com/PokeAPI/sprites/master/sprites/pokemon/343.png
Claydol,344,175.0,1080.0,15.0,48.0,457,ground,psychic,https://raw.githubusercontent.com/PokeAPI/sprites/master/sprites/pokemon/344.png
Lileep,345,71.0,238.0,10.0,23.8,458,rock,grass,https://raw.githubusercontent.com/PokeAPI/sprites/master/sprites/pokemon/345.png
Cradily,346,173.0,604.0,15.0,26.844444,459,rock,grass,https://raw.githubusercontent.com/PokeAPI/sprites/master/sprites/pokemon/346.png
Anorith,347,71.0,125.0,7.0,25.510204,460,rock,bug,https://raw.githubusercontent.com/PokeAPI/sprites/master/sprites/pokemon/347.png
Armaldo,348,173.0,682.0,15.0,30.31111,461,rock,bug,https://raw.githubusercontent.com/PokeAPI/sprites/master/sprites/pokemon/348.png
Feebas,349,40.0,74.0,6.0,20.555553,462,water,,https://raw.githubusercontent.com/PokeAPI/sprites/master/sprites/pokemon/349.png
Milotic,350,189.0,1620.0,62.0,4.21436,463,water,,https://raw.githubusercontent.com/PokeAPI/sprites/master/sprites/pokemon/350.png
Castform,351,147.0,8.0,3.0,8.888888,464,normal,,https://raw.githubusercontent.com/PokeAPI/sprites/master/sprites/pokemon/351.png
Kecleon,352,154.0,220.0,10.0,22.0,468,normal,,https://raw.githubusercontent.com/PokeAPI/sprites/master/sprites/pokemon/352.png
Shuppet,353,59.0,23.0,6.0,6.3888884,469,ghost,,https://raw.githubusercontent.com/PokeAPI/sprites/master/sprites/pokemon/353.png
Banette,354,159.0,125.0,11.0,10.330578,470,ghost,,https://raw.githubusercontent.com/PokeAPI/sprites/master/sprites/pokemon/354.png
Duskull,355,59.0,150.0,8.0,23.4375,472,ghost,,https://raw.githubusercontent.com/PokeAPI/sprites/master/sprites/pokemon/355.png
Dusclops,356,159.0,306.0,16.0,11.953125,473,ghost,,https://raw.githubusercontent.com/PokeAPI/sprites/master/sprites/pokemon/356.png
Tropius,357,161.0,1000.0,20.0,25.0,475,grass,flying,https://raw.githubusercontent.com/PokeAPI/sprites/master/sprites/pokemon/357.png
Chimecho,358,159.0,10.0,6.0,2.7777777,477,psychic,,https://raw.githubusercontent.com/PokeAPI/sprites/master/sprites/pokemon/358.png
Absol,359,163.0,470.0,12.0,32.638885,478,dark,,https://raw.githubusercontent.com/PokeAPI/sprites/master/sprites/pokemon/359.png
Wynaut,360,52.0,140.0,6.0,38.888885,298,psychic,,https://raw.githubusercontent.com/PokeAPI/sprites/master/sprites/pokemon/360.png
Snorunt,361,60.0,168.0,7.0,34.285713,480,ice,,https://raw.githubusercontent.com/PokeAPI/sprites/master/sprites/pokemon/361.png
Glalie,362,168.0,2565.0,15.0,114.0,481,ice,,https://raw.githubusercontent.com/PokeAPI/sprites/master/sprites/pokemon/362.png
Spheal,363,58.0,395.0,8.0,61.71875,484,ice,water,https://raw.githubusercontent.com/PokeAPI/sprites/master/sprites/pokemon/363.png
Sealeo,364,144.0,876.0,11.0,72.39669,485,ice,water,https://raw.githubusercontent.com/PokeAPI/sprites/master/sprites/pokemon/364.png
Walrein,365,265.0,1506.0,14.0,76.83674,486,ice,water,https://raw.githubusercontent.com/PokeAPI/sprites/master/sprites/pokemon/365.png
Clamperl,366,69.0,525.0,4.0,328.125,487,water,,https://raw.githubusercontent.com/PokeAPI/sprites/master/sprites/pokemon/366.png
Huntail,367,170.0,270.0,17.0,9.34256,488,water,,https://raw.githubusercontent.com/PokeAPI/sprites/master/sprites/pokemon/367.png
Gorebyss,368,170.0,226.0,18.0,6.975309,489,water,,https://raw.githubusercontent.com/PokeAPI/sprites/master/sprites/pokemon/368.png
Relicanth,369,170.0,234.0,10.0,23.4,490,water,rock,https://raw.githubusercontent.com/PokeAPI/sprites/master/sprites/pokemon/369.png
Luvdisc,370,116.0,87.0,6.0,24.166664,491,water,,https://raw.githubusercontent.com/PokeAPI/sprites/master/sprites/pokemon/370.png
Bagon,371,60.0,421.0,6.0,116.94443,492,dragon,,https://raw.githubusercontent.com/PokeAPI/sprites/master/sprites/pokemon/371.png
Shelgon,372,147.0,1105.0,11.0,91.32231,493,dragon,,https://raw.githubusercontent.com/PokeAPI/sprites/master/sprites/pokemon/372.png
Salamence,373,300.0,1026.0,15.0,45.6,494,dragon,flying,https://raw.githubusercontent.com/PokeAPI/sprites/master/sprites/pokemon/373.png
Beldum,374,60.0,952.0,6.0,264.44443,496,steel,psychic,https://raw.githubusercontent.com/PokeAPI/sprites/master/sprites/pokemon/374.png
Metang,375,147.0,2025.0,12.0,140.62498,497,steel,psychic,https://raw.githubusercontent.com/PokeAPI/sprites/master/sprites/pokemon/375.png
Metagross,376,300.0,5500.0,16.0,214.84375,498,steel,psychic,https://raw.githubusercontent.com/PokeAPI/sprites/master/sprites/pokemon/376.png
Regirock,377,290.0,2300.0,17.0,79.58477,500,rock,,https://raw.githubusercontent.com/PokeAPI/sprites/master/sprites/pokemon/377.png
Regice,378,290.0,1750.0,18.0,54.01235,501,ice,,https://raw.githubusercontent.com/PokeAPI/sprites/master/sprites/pokemon/378.png
Registeel,379,290.0,2050.0,19.0,56.786705,502,steel,,https://raw.githubusercontent.com/PokeAPI/sprites/master/sprites/pokemon/379.png
Latias,380,300.0,400.0,14.0,20.408163,503,dragon,psychic,https://raw.githubusercontent.com/PokeAPI/sprites/master/sprites/pokemon/380.png
Latios,381,300.0,600.0,20.0,15.0,505,dragon,psychic,https://raw.githubusercontent.com/PokeAPI/sprites/master/sprites/pokemon/381.png
Kyogre,382,335.0,3520.0,45.0,17.382715,507,water,,https://raw.githubusercontent.com/PokeAPI/sprites/master/sprites/pokemon/382.png
Groudon,383,335.0,9500.0,35.0,77.55102,509,ground,,https://raw.githubusercontent.com/PokeAPI/sprites/master/sprites/pokemon/383.png
Rayquaza,384,340.0,2065.0,70.0,4.214286,511,dragon,flying,https://raw.githubusercontent.com/PokeAPI/sprites/master/sprites/pokemon/384.png
Jirachi,385,300.0,11.0,3.0,12.222221,513,steel,psychic,https://raw.githubusercontent.com/PokeAPI/sprites/master/sprites/pokemon/385.png
Deoxys-normal,386,270.0,608.0,17.0,21.038061,514,psychic,,https://raw.githubusercontent.com/PokeAPI/sprites/master/sprites/pokemon/386.png
Turtwig,387,64.0,102.0,4.0,63.749996,518,grass,,https://raw.githubusercontent.com/PokeAPI/sprites/master/sprites/pokemon/387.png
Grotle,388,142.0,970.0,11.0,80.16528,519,grass,,https://raw.githubusercontent.com/PokeAPI/sprites/master/sprites/pokemon/388.png
Torterra,389,236.0,3100.0,22.0,64.04958,520,grass,ground,https://raw.githubusercontent.com/PokeAPI/sprites/master/sprites/pokemon/389.png
Chimchar,390,62.0,62.0,5.0,24.8,521,fire,,https://raw.githubusercontent.com/PokeAPI/sprites/master/sprites/pokemon/390.png
Monferno,391,142.0,220.0,9.0,27.160496,522,fire,fighting,https://raw.githubusercontent.com/PokeAPI/sprites/master/sprites/pokemon/391.png
Infernape,392,240.0,550.0,12.0,38.194443,523,fire,fighting,https://raw.githubusercontent.com/PokeAPI/sprites/master/sprites/pokemon/392.png
Piplup,393,63.0,52.0,4.0,32.499996,524,water,,https://raw.githubusercontent.com/PokeAPI/sprites/master/sprites/pokemon/393.png
Prinplup,394,142.0,230.0,8.0,35.9375,525,water,,https://raw.githubusercontent.com/PokeAPI/sprites/master/sprites/pokemon/394.png
Empoleon,395,239.0,845.0,17.0,29.238752,526,water,steel,https://raw.githubusercontent.com/PokeAPI/sprites/master/sprites/pokemon/395.png
Starly,396,49.0,20.0,3.0,22.222221,527,normal,flying,https://raw.githubusercontent.com/PokeAPI/sprites/master/sprites/pokemon/396.png
Staravia,397,119.0,155.0,6.0,43.055553,528,normal,flying,https://raw.githubusercontent.com/PokeAPI/sprites/master/sprites/pokemon/397.png
Staraptor,398,218.0,249.0,12.0,17.291664,529,normal,flying,https://raw.githubusercontent.com/PokeAPI/sprites/master/sprites/pokemon/398.png
Bidoof,399,50.0,200.0,5.0,80.0,530,normal,,https://raw.githubusercontent.com/PokeAPI/sprites/master/sprites/pokemon/399.png
Bibarel,400,144.0,315.0,10.0,31.5,531,normal,water,https://raw.githubusercontent.com/PokeAPI/sprites/master/sprites/pokemon/400.png
Kricketot,401,39.0,22.0,3.0,24.444443,532,bug,,https://raw.githubusercontent.com/PokeAPI/sprites/master/sprites/pokemon/401.png
Kricketune,402,134.0,255.0,10.0,25.5,533,bug,,https://raw.githubusercontent.com/PokeAPI/sprites/master/sprites/pokemon/402.png
Shinx,403,53.0,95.0,5.0,38.0,534,electric,,https://raw.githubusercontent.com/PokeAPI/sprites/master/sprites/pokemon/403.png
Luxio,404,127.0,305.0,9.0,37.654324,535,electric,,https://raw.githubusercontent.com/PokeAPI/sprites/master/sprites/pokemon/404.png
Luxray,405,262.0,420.0,14.0,21.428572,536,electric,,https://raw.githubusercontent.com/PokeAPI/sprites/master/sprites/pokemon/405.png
Budew,406,56.0,12.0,2.0,30.0,423,grass,poison,https://raw.githubusercontent.com/PokeAPI/sprites/master/sprites/pokemon/406.png
Roserade,407,258.0,145.0,9.0,17.901236,425,grass,poison,https://raw.githubusercontent.com/PokeAPI/sprites/master/sprites/pokemon/407.png
Cranidos,408,70.0,315.0,9.0,38.88889,537,rock,,https://raw.githubusercontent.com/PokeAPI/sprites/master/sprites/pokemon/408.png
Rampardos,409,173.0,1025.0,16.0,40.039062,538,rock,,https://raw.githubusercontent.com/PokeAPI/sprites/master/sprites/pokemon/409.png
Shieldon,410,70.0,570.0,5.0,228.0,539,rock,steel,https://raw.githubusercontent.com/PokeAPI/sprites/master/sprites/pokemon/410.png
Bastiodon,411,173.0,1495.0,13.0,88.46155,540,rock,steel,https://raw.githubusercontent.com/PokeAPI/sprites/master/sprites/pokemon/411.png
Burmy,412,45.0,34.0,2.0,85.0,541,bug,,https://raw.githubusercontent.com/PokeAPI/sprites/master/sprites/pokemon/412.png
Wormadam-plant,413,148.0,65.0,5.0,26.0,542,bug,grass,https://raw.githubusercontent.com/PokeAPI/sprites/master/sprites/pokemon/413.png
Mothim,414,148.0,233.0,9.0,28.765432,545,bug,flying,https://raw.githubusercontent.com/PokeAPI/sprites/master/sprites/pokemon/414.png
Combee,415,49.0,55.0,3.0,61.111107,546,bug,flying,https://raw.githubusercontent.com/PokeAPI/sprites/master/sprites/pokemon/415.png
Vespiquen,416,166.0,385.0,12.0,26.736109,547,bug,flying,https://raw.githubusercontent.com/PokeAPI/sprites/master/sprites/pokemon/416.png
Pachirisu,417,142.0,39.0,4.0,24.375,548,electric,,https://raw.githubusercontent.com/PokeAPI/sprites/master/sprites/pokemon/417.png
Buizel,418,66.0,295.0,7.0,60.204082,549,water,,https://raw.githubusercontent.com/PokeAPI/sprites/master/sprites/pokemon/418.png
Floatzel,419,173.0,335.0,11.0,27.68595,550,water,,https://raw.githubusercontent.com/PokeAPI/sprites/master/sprites/pokemon/419.png
Cherubi,420,55.0,33.0,4.0,20.625,551,grass,,https://raw.githubusercontent.com/PokeAPI/sprites/master/sprites/pokemon/420.png
Cherrim,421,158.0,93.0,5.0,37.2,552,grass,,https://raw.githubusercontent.com/PokeAPI/sprites/master/sprites/pokemon/421.png
Shellos,422,65.0,63.0,3.0,70.0,553,water,,https://raw.githubusercontent.com/PokeAPI/sprites/master/sprites/pokemon/422.png
Gastrodon,423,166.0,299.0,9.0,36.91358,554,water,ground,https://raw.githubusercontent.com/PokeAPI/sprites/master/sprites/pokemon/423.png
Ambipom,424,169.0,203.0,12.0,14.09722,286,normal,,https://raw.githubusercontent.com/PokeAPI/sprites/master/sprites/pokemon/424.png
Drifloon,425,70.0,12.0,4.0,7.5,555,ghost,flying,https://raw.githubusercontent.com/PokeAPI/sprites/master/sprites/pokemon/425.png
Drifblim,426,174.0,150.0,12.0,10.416666,556,ghost,flying,https://raw.githubusercontent.com/PokeAPI/sprites/master/sprites/pokemon/426.png
Buneary,427,70.0,55.0,4.0,34.375,557,normal,,https://raw.githubusercontent.com/PokeAPI/sprites/master/sprites/pokemon/427.png
Lopunny,428,168.0,333.0,12.0,23.124998,558,normal,,https://raw.githubusercontent.com/PokeAPI/sprites/master/sprites/pokemon/428.png
Mismagius,429,173.0,44.0,9.0,5.4320993,296,ghost,,https://raw.githubusercontent.com/PokeAPI/sprites/master/sprites/pokemon/429.png
Honchkrow,430,177.0,273.0,9.0,33.703705,294,dark,flying,https://raw.githubusercontent.com/PokeAPI/sprites/master/sprites/pokemon/430.png
Glameow,431,62.0,39.0,5.0,15.6,560,normal,,https://raw.githubusercontent.com/PokeAPI/sprites/master/sprites/pokemon/431.png
Purugly,432,158.0,438.0,10.0,43.8,561,normal,,https://raw.githubusercontent.com/PokeAPI/sprites/master/sprites/pokemon/432.png
Chingling,433,57.0,6.0,2.0,15.0,476,psychic,,https://raw.githubusercontent.com/PokeAPI/sprites/master/sprites/pokemon/433.png
Stunky,434,66.0,192.0,4.0,120.0,562,poison,dark,https://raw.githubusercontent.com/PokeAPI/sprites/master/sprites/pokemon/434.png
Skuntank,435,168.0,380.0,10.0,38.0,563,poison,dark,https://raw.githubusercontent.com/PokeAPI/sprites/master/sprites/pokemon/435.png
Bronzor,436,60.0,605.0,5.0,242.0,564,steel,psychic,https://raw.githubusercontent.com/PokeAPI/sprites/master/sprites/pokemon/436.png
Bronzong,437,175.0,1870.0,13.0,110.650894,565,steel,psychic,https://raw.githubusercontent.com/PokeAPI/sprites/master/sprites/pokemon/437.png
Bonsly,438,58.0,150.0,5.0,60.0,280,rock,,https://raw.githubusercontent.com/PokeAPI/sprites/master/sprites/pokemon/438.png
Mime-jr,439,62.0,130.0,6.0,36.111107,193,psychic,fairy,https://raw.githubusercontent.com/PokeAPI/sprites/master/sprites/pokemon/439.png
Happiny,440,110.0,244.0,6.0,67.77777,179,normal,,https://raw.githubusercontent.com/PokeAPI/sprites/master/sprites/pokemon/440.png
Chatot,441,144.0,19.0,5.0,7.6,566,normal,flying,https://raw.githubusercontent.com/PokeAPI/sprites/master/sprites/pokemon/441.png
Spiritomb,442,170.0,1080.0,10.0,108.0,567,ghost,dark,https://raw.githubusercontent.com/PokeAPI/sprites/master/sprites/pokemon/442.png
Gible,443,60.0,205.0,7.0,41.836735,568,dragon,ground,https://raw.githubusercontent.com/PokeAPI/sprites/master/sprites/pokemon/443.png
Gabite,444,144.0,560.0,14.0,28.57143,569,dragon,ground,https://raw.githubusercontent.com/PokeAPI/sprites/master/sprites/pokemon/444.png
Garchomp,445,300.0,950.0,19.0,26.31579,570,dragon,ground,https://raw.githubusercontent.com/PokeAPI/sprites/master/sprites/pokemon/445.png
Munchlax,446,78.0,1050.0,6.0,291.66666,234,normal,,https://raw.githubusercontent.com/PokeAPI/sprites/master/sprites/pokemon/446.png
Riolu,447,57.0,202.0,7.0,41.22449,572,fighting,,https://raw.githubusercontent.com/PokeAPI/sprites/master/sprites/pokemon/447.png
Lucario,448,184.0,540.0,12.0,37.499996,573,fighting,steel,https://raw.githubusercontent.com/PokeAPI/sprites/master/sprites/pokemon/448.png
Hippopotas,449,66.0,495.0,8.0,77.34375,575,ground,,https://raw.githubusercontent.com/PokeAPI/sprites/master/sprites/pokemon/449.png
Hippowdon,450,184.0,3000.0,20.0,75.0,576,ground,,https://raw.githubusercontent.com/PokeAPI/sprites/master/sprites/pokemon/450.png
Skorupi,451,66.0,120.0,8.0,18.75,577,poison,bug,https://raw.githubusercontent.com/PokeAPI/sprites/master/sprites/pokemon/451.png
Drapion,452,175.0,615.0,13.0,36.390533,578,poison,dark,https://raw.githubusercontent.com/PokeAPI/sprites/master/sprites/pokemon/452.png
Croagunk,453,60.0,230.0,7.0,46.938778,579,poison,fighting,https://raw.githubusercontent.com/PokeAPI/sprites/master/sprites/pokemon/453.png
Toxicroak,454,172.0,444.0,13.0,26.272192,580,poison,fighting,https://raw.githubusercontent.com/PokeAPI/sprites/master/sprites/pokemon/454.png
Carnivine,455,159.0,270.0,14.0,13.775511,581,grass,,https://raw.githubusercontent.com/PokeAPI/sprites/master/sprites/pokemon/455.png
Finneon,456,66.0,70.0,4.0,43.75,582,water,,https://raw.githubusercontent.com/PokeAPI/sprites/master/sprites/pokemon/456.png
Lumineon,457,161.0,240.0,12.0,16.666666,583,water,,https://raw.githubusercontent.com/PokeAPI/sprites/master/sprites/pokemon/457.png
Mantyke,458,69.0,650.0,10.0,65.0,326,water,flying,https://raw.githubusercontent.com/PokeAPI/sprites/master/sprites/pokemon/458.png
Snover,459,67.0,505.0,10.0,50.5,584,grass,ice,https://raw.githubusercontent.com/PokeAPI/sprites/master/sprites/pokemon/459.png
Abomasnow,460,173.0,1355.0,22.0,27.995867,585,grass,ice,https://raw.githubusercontent.com/PokeAPI/sprites/master/sprites/pokemon/460.png
Weavile,461,179.0,340.0,11.0,28.099173,313,dark,ice,https://raw.githubusercontent.com/PokeAPI/sprites/master/sprites/pokemon/461.png
Magnezone,462,268.0,1800.0,12.0,124.99999,134,electric,steel,https://raw.githubusercontent.com/PokeAPI/sprites/master/sprites/pokemon/462.png
Lickilicky,463,180.0,1400.0,17.0,48.442905,172,normal,,https://raw.githubusercontent.com/PokeAPI/sprites/master/sprites/pokemon/463.png
Rhyperior,464,268.0,2828.0,24.0,49.097218,178,ground,rock,https://raw.githubusercontent.com/PokeAPI/sprites/master/sprites/pokemon/464.png
Tangrowth,465,187.0,1286.0,20.0,32.15,183,grass,,https://raw.githubusercontent.com/PokeAPI/sprites/master/sprites/pokemon/465.png
Electivire,466,270.0,1386.0,18.0,42.777782,203,electric,,https://raw.githubusercontent.com/PokeAPI/sprites/master/sprites/pokemon/466.png
Magmortar,467,270.0,680.0,16.0,26.5625,206,fire,,https://raw.githubusercontent.com/PokeAPI/sprites/master/sprites/pokemon/467.png
Togekiss,468,273.0,380.0,15.0,16.88889,270,fairy,flying,https://raw.githubusercontent.com/PokeAPI/sprites/master/sprites/pokemon/468.png
Yanmega,469,180.0,515.0,19.0,14.265928,290,bug,flying,https://raw.githubusercontent.com/PokeAPI/sprites/master/sprites/pokemon/469.png
Leafeon,470,184.0,255.0,10.0,25.5,222,grass,,https://raw.githubusercontent.com/PokeAPI/sprites/master/sprites/pokemon/470.png
Glaceon,471,184.0,259.0,8.0,40.46875,223,ice,,https://raw.githubusercontent.com/PokeAPI/sprites/master/sprites/pokemon/471.png
Gliscor,472,179.0,425.0,20.0,10.625,305,ground,flying,https://raw.githubusercontent.com/PokeAPI/sprites/master/sprites/pokemon/472.png
Mamoswine,473,265.0,2910.0,25.0,46.56,320,ice,ground,https://raw.githubusercontent.com/PokeAPI/sprites/master/sprites/pokemon/473.png
Porygon-z,474,268.0,340.0,9.0,41.97531,227,normal,,https://raw.githubusercontent.com/PokeAPI/sprites/master/sprites/pokemon/474.png
Gallade,475,259.0,520.0,16.0,20.3125,384,psychic,fighting,https://raw.githubusercontent.com/PokeAPI/sprites/master/sprites/pokemon/475.png
Probopass,476,184.0,3400.0,14.0,173.46939,402,rock,steel,https://raw.githubusercontent.com/PokeAPI/sprites/master/sprites/pokemon/476.png
Dusknoir,477,263.0,1066.0,22.0,22.024792,474,ghost,,https://raw.githubusercontent.com/PokeAPI/sprites/master/sprites/pokemon/477.png
Froslass,478,168.0,266.0,13.0,15.739646,483,ice,ghost,https://raw.githubusercontent.com/PokeAPI/sprites/master/sprites/pokemon/478.png
Rotom,479,154.0,3.0,3.0,3.3333333,587,electric,ghost,https://raw.githubusercontent.com/PokeAPI/sprites/master/sprites/pokemon/479.png
Uxie,480,290.0,3.0,3.0,3.3333333,593,psychic,,https://raw.githubusercontent.com/PokeAPI/sprites/master/sprites/pokemon/480.png
Mesprit,481,290.0,3.0,3.0,3.3333333,594,psychic,,https://raw.githubusercontent.com/PokeAPI/sprites/master/sprites/pokemon/481.png
Azelf,482,290.0,3.0,3.0,3.3333333,595,psychic,,https://raw.githubusercontent.com/PokeAPI/sprites/master/sprites/pokemon/482.png
Dialga,483,340.0,6830.0,54.0,23.422495,596,steel,dragon,https://raw.githubusercontent.com/PokeAPI/sprites/master/sprites/pokemon/483.png
Palkia,484,340.0,3360.0,42.0,19.04762,597,water,dragon,https://raw.githubusercontent.com/PokeAPI/sprites/master/sprites/pokemon/484.png
Heatran,485,300.0,4300.0,17.0,148.78893,598,fire,steel,https://raw.githubusercontent.com/PokeAPI/sprites/master/sprites/pokemon/485.png
Regigigas,486,335.0,4200.0,37.0,30.679327,599,normal,,https://raw.githubusercontent.com/PokeAPI/sprites/master/sprites/pokemon/486.png
Giratina-altered,487,340.0,7500.0,45.0,37.037037,600,ghost,dragon,https://raw.githubusercontent.com/PokeAPI/sprites/master/sprites/pokemon/487.png
Cresselia,488,300.0,856.0,15.0,38.044445,602,psychic,,https://raw.githubusercontent.com/PokeAPI/sprites/master/sprites/pokemon/488.png
Phione,489,216.0,31.0,4.0,19.374998,603,water,,https://raw.githubusercontent.com/PokeAPI/sprites/master/sprites/pokemon/489.png
Manaphy,490,270.0,14.0,3.0,15.555554,604,water,,https://raw.githubusercontent.com/PokeAPI/sprites/master/sprites/pokemon/490.png
Darkrai,491,270.0,505.0,15.0,22.444445,605,dark,,https://raw.githubusercontent.com/PokeAPI/sprites/master/sprites/pokemon/491.png
Shaymin-land,492,270.0,21.0,2.0,52.499996,606,grass,,https://raw.githubusercontent.com/PokeAPI/sprites/master/sprites/pokemon/492.png
Arceus,493,324.0,3200.0,32.0,31.25,608,normal,,https://raw.githubusercontent.com/PokeAPI/sprites/master/sprites/pokemon/493.png
Victini,494,300.0,40.0,4.0,25.0,609,psychic,fire,https://raw.githubusercontent.com/PokeAPI/sprites/master/sprites/pokemon/494.png
Snivy,495,62.0,81.0,6.0,22.5,610,grass,,https://raw.githubusercontent.com/PokeAPI/sprites/master/sprites/pokemon/495.png
Servine,496,145.0,160.0,8.0,25.0,611,grass,,https://raw.githubusercontent.com/PokeAPI/sprites/master/sprites/pokemon/496.png
Serperior,497,238.0,630.0,33.0,5.7851243,612,grass,,https://raw.githubusercontent.com/PokeAPI/sprites/master/sprites/pokemon/497.png
Tepig,498,62.0,99.0,5.0,39.6,613,fire,,https://raw.githubusercontent.com/PokeAPI/sprites/master/sprites/pokemon/498.png
Pignite,499,146.0,555.0,10.0,55.5,614,fire,fighting,https://raw.githubusercontent.com/PokeAPI/sprites/master/sprites/pokemon/499.png
Emboar,500,238.0,1500.0,16.0,58.59375,615,fire,fighting,https://raw.githubusercontent.com/PokeAPI/sprites/master/sprites/pokemon/500.png
Oshawott,501,62.0,59.0,5.0,23.6,616,water,,https://raw.githubusercontent.com/PokeAPI/sprites/master/sprites/pokemon/501.png
Dewott,502,145.0,245.0,8.0,38.28125,617,water,,https://raw.githubusercontent.com/PokeAPI/sprites/master/sprites/pokemon/502.png
Samurott,503,238.0,946.0,15.0,42.044445,618,water,,https://raw.githubusercontent.com/PokeAPI/sprites/master/sprites/pokemon/503.png
Patrat,504,51.0,116.0,5.0,46.4,619,normal,,https://raw.githubusercontent.com/PokeAPI/sprites/master/sprites/pokemon/504.png
Watchog,505,147.0,270.0,11.0,22.314049,620,normal,,https://raw.githubusercontent.com/PokeAPI/sprites/master/sprites/pokemon/505.png
Lillipup,506,55.0,41.0,4.0,25.624998,621,normal,,https://raw.githubusercontent.com/PokeAPI/sprites/master/sprites/pokemon/506.png
Herdier,507,130.0,147.0,9.0,18.14815,622,normal,,https://raw.githubusercontent.com/PokeAPI/sprites/master/sprites/pokemon/507.png
Stoutland,508,250.0,610.0,12.0,42.361107,623,normal,,https://raw.githubusercontent.com/PokeAPI/sprites/master/sprites/pokemon/508.png
Purrloin,509,56.0,101.0,4.0,63.125,624,dark,,https://raw.githubusercontent.com/PokeAPI/sprites/master/sprites/pokemon/509.png
Liepard,510,156.0,375.0,11.0,30.991734,625,dark,,https://raw.githubusercontent.com/PokeAPI/sprites/master/sprites/pokemon/510.png
Pansage,511,63.0,105.0,6.0,29.166664,626,grass,,https://raw.githubusercontent.com/PokeAPI/sprites/master/sprites/pokemon/511.png
Simisage,512,174.0,305.0,11.0,25.20661,627,grass,,https://raw.githubusercontent.com/PokeAPI/sprites/master/sprites/pokemon/512.png
Pansear,513,63.0,110.0,6.0,30.555553,628,fire,,https://raw.githubusercontent.com/PokeAPI/sprites/master/sprites/pokemon/513.png
Simisear,514,174.0,280.0,10.0,28.0,629,fire,,https://raw.githubusercontent.com/PokeAPI/sprites/master/sprites/pokemon/514.png
Panpour,515,63.0,135.0,6.0,37.499996,630,water,,https://raw.githubusercontent.com/PokeAPI/sprites/master/sprites/pokemon/515.png
Simipour,516,174.0,290.0,10.0,29.0,631,water,,https://raw.githubusercontent.com/PokeAPI/sprites/master/sprites/pokemon/516.png
Munna,517,58.0,233.0,6.0,64.72221,632,psychic,,https://raw.githubusercontent.com/PokeAPI/sprites/master/sprites/pokemon/517.png
Musharna,518,170.0,605.0,11.0,49.999996,633,psychic,,https://raw.githubusercontent.com/PokeAPI/sprites/master/sprites/pokemon/518.png
Pidove,519,53.0,21.0,3.0,23.33333,634,normal,flying,https://raw.githubusercontent.com/PokeAPI/sprites/master/sprites/pokemon/519.png
Tranquill,520,125.0,150.0,6.0,41.666664,635,normal,flying,https://raw.githubusercontent.com/PokeAPI/sprites/master/sprites/pokemon/520.png
Unfezant,521,244.0,290.0,12.0,20.138887,636,normal,flying,https://raw.githubusercontent.com/PokeAPI/sprites/master/sprites/pokemon/521.png
Blitzle,522,59.0,298.0,8.0,46.562496,637,electric,,https://raw.githubusercontent.com/PokeAPI/sprites/master/sprites/pokemon/522.png
Zebstrika,523,174.0,795.0,16.0,31.054688,638,electric,,https://raw.githubusercontent.com/PokeAPI/sprites/master/sprites/pokemon/523.png
Roggenrola,524,56.0,180.0,4.0,112.5,639,rock,,https://raw.githubusercontent.com/PokeAPI/sprites/master/sprites/pokemon/524.png
Boldore,525,137.0,1020.0,9.0,125.925934,640,rock,,https://raw.githubusercontent.com/PokeAPI/sprites/master/sprites/pokemon/525.png
Gigalith,526,258.0,2600.0,17.0,89.96539,641,rock,,https://raw.githubusercontent.com/PokeAPI/sprites/master/sprites/pokemon/526.png
Woobat,527,65.0,21.0,4.0,13.124999,642,psychic,flying,https://raw.githubusercontent.com/PokeAPI/sprites/master/sprites/pokemon/527.png
Swoobat,528,149.0,105.0,9.0,12.962964,643,psychic,flying,https://raw.githubusercontent.com/PokeAPI/sprites/master/sprites/pokemon/528.png
Drilbur,529,66.0,85.0,3.0,94.444435,644,ground,,https://raw.githubusercontent.com/PokeAPI/sprites/master/sprites/pokemon/529.png
Excadrill,530,178.0,404.0,7.0,82.44898,645,ground,steel,https://raw.githubusercontent.com/PokeAPI/sprites/master/sprites/pokemon/530.png
Audino,531,390.0,310.0,11.0,25.619833,646,normal,,https://raw.githubusercontent.com/PokeAPI/sprites/master/sprites/pokemon/531.png
Timburr,532,61.0,125.0,6.0,34.722218,648,fighting,,https://raw.githubusercontent.com/PokeAPI/sprites/master/sprites/pokemon/532.png
Gurdurr,533,142.0,400.0,12.0,27.777775,649,fighting,,https://raw.githubusercontent.com/PokeAPI/sprites/master/sprites/pokemon/533.png
Conkeldurr,534,253.0,870.0,14.0,44.387756,650,fighting,,https://raw.githubusercontent.com/PokeAPI/sprites/master/sprites/pokemon/534.png
Tympole,535,59.0,45.0,5.0,18.0,651,water,,https://raw.githubusercontent.com/PokeAPI/sprites/master/sprites/pokemon/535.png
Palpitoad,536,134.0,170.0,8.0,26.5625,652,water,ground,https://raw.githubusercontent.com/PokeAPI/sprites/master/sprites/pokemon/536.png
Seismitoad,537,255.0,620.0,15.0,27.555555,653,water,ground,https://raw.githubusercontent.com/PokeAPI/sprites/master/sprites/pokemon/537.png
Throh,538,163.0,555.0,13.0,32.84024,654,fighting,,https://raw.githubusercontent.com/PokeAPI/sprites/master/sprites/pokemon/538.png
Sawk,539,163.0,510.0,14.0,26.020409,655,fighting,,https://raw.githubusercontent.com/PokeAPI/sprites/master/sprites/pokemon/539.png
Sewaddle,540,62.0,25.0,3.0,27.777775,656,bug,grass,https://raw.githubusercontent.com/PokeAPI/sprites/master/sprites/pokemon/540.png
Swadloon,541,133.0,73.0,5.0,29.2,657,bug,grass,https://raw.githubusercontent.com/PokeAPI/sprites/master/sprites/pokemon/541.png
Leavanny,542,225.0,205.0,12.0,14.23611,658,bug,grass,https://raw.githubusercontent.com/PokeAPI/sprites/master/sprites/pokemon/542.png
Venipede,543,52.0,53.0,4.0,33.125,659,bug,poison,https://raw.githubusercontent.com/PokeAPI/sprites/master/sprites/pokemon/543.png
Whirlipede,544,126.0,585.0,12.0,40.624996,660,bug,poison,https://raw.githubusercontent.com/PokeAPI/sprites/master/sprites/pokemon/544.png
Scolipede,545,243.0,2005.0,25.0,32.08,661,bug,poison,https://raw.githubusercontent.com/PokeAPI/sprites/master/sprites/pokemon/545.png
Cottonee,546,56.0,6.0,3.0,6.6666665,662,grass,fairy,https://raw.githubusercontent.com/PokeAPI/sprites/master/sprites/pokemon/546.png
Whimsicott,547,168.0,66.0,7.0,13.469388,663,grass,fairy,https://raw.githubusercontent.com/PokeAPI/sprites/master/sprites/pokemon/547.png
Petilil,548,56.0,66.0,5.0,26.4,664,grass,,https://raw.githubusercontent.com/PokeAPI/sprites/master/sprites/pokemon/548.png
Lilligant,549,168.0,163.0,11.0,13.471073,665,grass,,https://raw.githubusercontent.com/PokeAPI/sprites/master/sprites/pokemon/549.png
Basculin-red-striped,550,161.0,180.0,10.0,18.0,666,water,,https://raw.githubusercontent.com/PokeAPI/sprites/master/sprites/pokemon/550.png
Sandile,551,58.0,152.0,7.0,31.020409,668,ground,dark,https://raw.githubusercontent.com/PokeAPI/sprites/master/sprites/pokemon/551.png
Krokorok,552,123.0,334.0,10.0,33.4,669,ground,dark,https://raw.githubusercontent.com/PokeAPI/sprites/master/sprites/pokemon/552.png
Krookodile,553,260.0,963.0,15.0,42.800003,670,ground,dark,https://raw.githubusercontent.com/PokeAPI/sprites/master/sprites/pokemon/553.png
Darumaka,554,63.0,375.0,6.0,104.16666,671,fire,,https://raw.githubusercontent.com/PokeAPI/sprites/master/sprites/pokemon/554.png
Darmanitan-standard,555,168.0,929.0,13.0,54.97042,673,fire,,https://raw.githubusercontent.com/PokeAPI/sprites/master/sprites/pokemon/555.png
Maractus,556,161.0,280.0,10.0,28.0,677,grass,,https://raw.githubusercontent.com/PokeAPI/sprites/master/sprites/pokemon/556.png
Dwebble,557,65.0,145.0,3.0,161.1111,678,bug,rock,https://raw.githubusercontent.com/PokeAPI/sprites/master/sprites/pokemon/557.png
Crustle,558,170.0,2000.0,14.0,102.04082,679,bug,rock,https://raw.githubusercontent.com/PokeAPI/sprites/master/sprites/pokemon/558.png
Scraggy,559,70.0,118.0,6.0,32.777775,680,dark,fighting,https://raw.githubusercontent.com/PokeAPI/sprites/master/sprites/pokemon/559.png
Scrafty,560,171.0,300.0,11.0,24.793386,681,dark,fighting,https://raw.githubusercontent.com/PokeAPI/sprites/master/sprites/pokemon/560.png
Sigilyph,561,172.0,140.0,14.0,7.1428576,682,psychic,flying,https://raw.githubusercontent.com/PokeAPI/sprites/master/sprites/pokemon/561.png
Yamask,562,61.0,15.0,5.0,6.0,683,ghost,,https://raw.githubusercontent.com/PokeAPI/sprites/master/sprites/pokemon/562.png
Cofagrigus,563,169.0,765.0,17.0,26.470587,685,ghost,,https://raw.githubusercontent.com/PokeAPI/sprites/master/sprites/pokemon/563.png
Tirtouga,564,71.0,165.0,7.0,33.67347,686,water,rock,https://raw.githubusercontent.com/PokeAPI/sprites/master/sprites/pokemon/564.png
Carracosta,565,173.0,810.0,12.0,56.249996,687,water,rock,https://raw.githubusercontent.com/PokeAPI/sprites/master/sprites/pokemon/565.png
Archen,566,71.0,95.0,5.0,38.0,688,rock,flying,https://raw.githubusercontent.com/PokeAPI/sprites/master/sprites/pokemon/566.png
Archeops,567,177.0,320.0,14.0,16.32653,689,rock,flying,https://raw.githubusercontent.com/PokeAPI/sprites/master/sprites/pokemon/567.png
Trubbish,568,66.0,310.0,6.0,86.11111,690,poison,,https://raw.githubusercontent.com/PokeAPI/sprites/master/sprites/pokemon/568.png
Garbodor,569,166.0,1073.0,19.0,29.722994,691,poison,,https://raw.githubusercontent.com/PokeAPI/sprites/master/sprites/pokemon/569.png
Zorua,570,66.0,125.0,7.0,25.510204,692,dark,,https://raw.githubusercontent.com/PokeAPI/sprites/master/sprites/pokemon/570.png
Zoroark,571,179.0,811.0,16.0,31.679686,693,dark,,https://raw.githubusercontent.com/PokeAPI/sprites/master/sprites/pokemon/571.png
Minccino,572,60.0,58.0,4.0,36.25,694,normal,,https://raw.githubusercontent.com/PokeAPI/sprites/master/sprites/pokemon/572.png
Cinccino,573,165.0,75.0,5.0,30.0,695,normal,,https://raw.githubusercontent.com/PokeAPI/sprites/master/sprites/pokemon/573.png
Gothita,574,58.0,58.0,4.0,36.25,696,psychic,,https://raw.githubusercontent.com/PokeAPI/sprites/master/sprites/pokemon/574.png
Gothorita,575,137.0,180.0,7.0,36.734695,697,psychic,,https://raw.githubusercontent.com/PokeAPI/sprites/master/sprites/pokemon/575.png
Gothitelle,576,245.0,440.0,15.0,19.555555,698,psychic,,https://raw.githubusercontent.com/PokeAPI/sprites/master/sprites/pokemon/576.png
Solosis,577,58.0,10.0,3.0,11.111111,699,psychic,,https://raw.githubusercontent.com/PokeAPI/sprites/master/sprites/pokemon/577.png
Duosion,578,130.0,80.0,6.0,22.222221,700,psychic,,https://raw.githubusercontent.com/PokeAPI/sprites/master/sprites/pokemon/578.png
Reuniclus,579,245.0,201.0,10.0,20.1,701,psychic,,https://raw.githubusercontent.com/PokeAPI/sprites/master/sprites/pokemon/579.png
Ducklett,580,61.0,55.0,5.0,22.0,702,water,flying,https://raw.githubusercontent.com/PokeAPI/sprites/master/sprites/pokemon/580.png
Swanna,581,166.0,242.0,13.0,14.319529,703,water,flying,https://raw.githubusercontent.com/PokeAPI/sprites/master/sprites/pokemon/581.png
Vanillite,582,61.0,57.0,4.0,35.624996,704,ice,,https://raw.githubusercontent.com/PokeAPI/sprites/master/sprites/pokemon/582.png
Vanillish,583,138.0,410.0,11.0,33.884296,705,ice,,https://raw.githubusercontent.com/PokeAPI/sprites/master/sprites/pokemon/583.png
Vanilluxe,584,268.0,575.0,13.0,34.02367,706,ice,,https://raw.githubusercontent.com/PokeAPI/sprites/master/sprites/pokemon/584.png
Deerling,585,67.0,195.0,6.0,54.166664,707,normal,grass,https://raw.githubusercontent.com/PokeAPI/sprites/master/sprites/pokemon/585.png
Sawsbuck,586,166.0,925.0,19.0,25.62327,708,normal,grass,https://raw.githubusercontent.com/PokeAPI/sprites/master/sprites/pokemon/586.png
Emolga,587,150.0,50.0,4.0,31.25,709,electric,flying,https://raw.githubusercontent.com/PokeAPI/sprites/master/sprites/pokemon/587.png
Karrablast,588,63.0,59.0,5.0,23.6,710,bug,,https://raw.githubusercontent.com/PokeAPI/sprites/master/sprites/pokemon/588.png
Escavalier,589,173.0,330.0,10.0,33.0,711,bug,steel,https://raw.githubusercontent.com/PokeAPI/sprites/master/sprites/pokemon/589.png
Foongus,590,59.0,10.0,2.0,25.0,712,grass,poison,https://raw.githubusercontent.com/PokeAPI/sprites/master/sprites/pokemon/590.png
Amoonguss,591,162.0,105.0,6.0,29.166664,713,grass,poison,https://raw.githubusercontent.com/PokeAPI/sprites/master/sprites/pokemon/591.png
Frillish,592,67.0,330.0,12.0,22.916664,714,water,ghost,https://raw.githubusercontent.com/PokeAPI/sprites/master/sprites/pokemon/592.png
Jellicent,593,168.0,1350.0,22.0,27.892561,715,water,ghost,https://raw.githubusercontent.com/PokeAPI/sprites/master/sprites/pokemon/593.png
Alomomola,594,165.0,316.0,12.0,21.944443,716,water,,https://raw.githubusercontent.com/PokeAPI/sprites/master/sprites/pokemon/594.png
Joltik,595,64.0,6.0,1.0,60.0,717,bug,electric,https://raw.githubusercontent.com/PokeAPI/sprites/master/sprites/pokemon/595.png
Galvantula,596,165.0,143.0,8.0,22.34375,718,bug,electric,https://raw.githubusercontent.com/PokeAPI/sprites/master/sprites/pokemon/596.png
Ferroseed,597,61.0,188.0,6.0,52.222218,719,grass,steel,https://raw.githubusercontent.com/PokeAPI/sprites/master/sprites/pokemon/597.png
Ferrothorn,598,171.0,1100.0,10.0,110.0,720,grass,steel,https://raw.githubusercontent.com/PokeAPI/sprites/master/sprites/pokemon/598.png
Klink,599,60.0,210.0,3.0,233.33331,721,steel,,https://raw.githubusercontent.com/PokeAPI/sprites/master/sprites/pokemon/599.png
Klang,600,154.0,510.0,6.0,141.66666,722,steel,,https://raw.githubusercontent.com/PokeAPI/sprites/master/sprites/pokemon/600.png
Klinklang,601,260.0,810.0,6.0,224.99998,723,steel,,https://raw.githubusercontent.com/PokeAPI/sprites/master/sprites/pokemon/601.png
Tynamo,602,55.0,3.0,2.0,7.5,724,electric,,https://raw.githubusercontent.com/PokeAPI/sprites/master/sprites/pokemon/602.png
Eelektrik,603,142.0,220.0,12.0,15.277777,725,electric,,https://raw.githubusercontent.com/PokeAPI/sprites/master/sprites/pokemon/603.png
Eelektross,604,232.0,805.0,21.0,18.25397,726,electric,,https://raw.githubusercontent.com/PokeAPI/sprites/master/sprites/pokemon/604.png
Elgyem,605,67.0,90.0,5.0,36.0,727,psychic,,https://raw.githubusercontent.com/PokeAPI/sprites/master/sprites/pokemon/605.png
Beheeyem,606,170.0,345.0,10.0,34.5,728,psychic,,https://raw.githubusercontent.com/PokeAPI/sprites/master/sprites/pokemon/606.png
Litwick,607,55.0,31.0,3.0,34.44444,729,ghost,fire,https://raw.githubusercontent.com/PokeAPI/sprites/master/sprites/pokemon/607.png
Lampent,608,130.0,130.0,6.0,36.111107,730,ghost,fire,https://raw.githubusercontent.com/PokeAPI/sprites/master/sprites/pokemon/608.png
Chandelure,609,260.0,343.0,10.0,34.3,731,ghost,fire,https://raw.githubusercontent.com/PokeAPI/sprites/master/sprites/pokemon/609.png
Axew,610,64.0,180.0,6.0,49.999996,732,dragon,,https://raw.githubusercontent.com/PokeAPI/sprites/master/sprites/pokemon/610.png
Fraxure,611,144.0,360.0,10.0,36.0,733,dragon,,https://raw.githubusercontent.com/PokeAPI/sprites/master/sprites/pokemon/611.png
Haxorus,612,270.0,1055.0,18.0,32.56173,734,dragon,,https://raw.githubusercontent.com/PokeAPI/sprites/master/sprites/pokemon/612.png
Cubchoo,613,61.0,85.0,5.0,34.0,735,ice,,https://raw.githubusercontent.com/PokeAPI/sprites/master/sprites/pokemon/613.png
Beartic,614,177.0,2600.0,26.0,38.46154,736,ice,,https://raw.githubusercontent.com/PokeAPI/sprites/master/sprites/pokemon/614.png
Cryogonal,615,180.0,1480.0,11.0,122.31404,737,ice,,https://raw.githubusercontent.com/PokeAPI/sprites/master/sprites/pokemon/615.png
Shelmet,616,61.0,77.0,4.0,48.124996,738,bug,,https://raw.githubusercontent.com/PokeAPI/sprites/master/sprites/pokemon/616.png
Accelgor,617,173.0,253.0,8.0,39.531246,739,bug,,https://raw.githubusercontent.com/PokeAPI/sprites/master/sprites/pokemon/617.png
Stunfisk,618,165.0,110.0,7.0,22.44898,740,ground,electric,https://raw.githubusercontent.com/PokeAPI/sprites/master/sprites/pokemon/618.png
Mienfoo,619,70.0,200.0,9.0,24.691359,742,fighting,,https://raw.githubusercontent.com/PokeAPI/sprites/master/sprites/pokemon/619.png
Mienshao,620,179.0,355.0,14.0,18.112246,743,fighting,,https://raw.githubusercontent.com/PokeAPI/sprites/master/sprites/pokemon/620.png
Druddigon,621,170.0,1390.0,16.0,54.296875,744,dragon,,https://raw.githubusercontent.com/PokeAPI/sprites/master/sprites/pokemon/621.png
Golett,622,61.0,920.0,10.0,92.0,745,ground,ghost,https://raw.githubusercontent.com/PokeAPI/sprites/master/sprites/pokemon/622.png
Golurk,623,169.0,3300.0,28.0,42.09184,746,ground,ghost,https://raw.githubusercontent.com/PokeAPI/sprites/master/sprites/pokemon/623.png
Pawniard,624,68.0,102.0,5.0,40.8,747,dark,steel,https://raw.githubusercontent.com/PokeAPI/sprites/master/sprites/pokemon/624.png
Bisharp,625,172.0,700.0,16.0,27.34375,748,dark,steel,https://raw.githubusercontent.com/PokeAPI/sprites/master/sprites/pokemon/625.png
Bouffalant,626,172.0,946.0,16.0,36.953125,749,normal,,https://raw.githubusercontent.com/PokeAPI/sprites/master/sprites/pokemon/626.png
Rufflet,627,70.0,105.0,5.0,42.0,750,normal,flying,https://raw.githubusercontent.com/PokeAPI/sprites/master/sprites/pokemon/627.png
Braviary,628,179.0,410.0,15.0,18.222221,751,normal,flying,https://raw.githubusercontent.com/PokeAPI/sprites/master/sprites/pokemon/628.png
Vullaby,629,74.0,90.0,5.0,36.0,752,dark,flying,https://raw.githubusercontent.com/PokeAPI/sprites/master/sprites/pokemon/629.png
Mandibuzz,630,179.0,395.0,12.0,27.430553,753,dark,flying,https://raw.githubusercontent.com/PokeAPI/sprites/master/sprites/pokemon/630.png
Heatmor,631,169.0,580.0,14.0,29.591837,754,fire,,https://raw.githubusercontent.com/PokeAPI/sprites/master/sprites/pokemon/631.png
Durant,632,169.0,330.0,3.0,366.66663,755,bug,steel,https://raw.githubusercontent.com/PokeAPI/sprites/master/sprites/pokemon/632.png
Deino,633,60.0,173.0,8.0,27.031248,756,dark,dragon,https://raw.githubusercontent.com/PokeAPI/sprites/master/sprites/pokemon/633.png
Zweilous,634,147.0,500.0,14.0,25.510204,757,dark,dragon,https://raw.githubusercontent.com/PokeAPI/sprites/master/sprites/pokemon/634.png
Hydreigon,635,300.0,1600.0,18.0,49.382717,758,dark,dragon,https://raw.githubusercontent.com/PokeAPI/sprites/master/sprites/pokemon/635.png
Larvesta,636,72.0,288.0,11.0,23.801651,759,bug,fire,https://raw.githubusercontent.com/PokeAPI/sprites/master/sprites/pokemon/636.png
Volcarona,637,275.0,460.0,16.0,17.96875,760,bug,fire,https://raw.githubusercontent.com/PokeAPI/sprites/master/sprites/pokemon/637.png
Cobalion,638,290.0,2500.0,21.0,56.689346,761,steel,fighting,https://raw.githubusercontent.com/PokeAPI/sprites/master/sprites/pokemon/638.png
Terrakion,639,290.0,2600.0,19.0,72.02216,762,rock,fighting,https://raw.githubusercontent.com/PokeAPI/sprites/master/sprites/pokemon/639.png
Virizion,640,290.0,2000.0,20.0,50.0,763,grass,fighting,https://raw.githubusercontent.com/PokeAPI/sprites/master/sprites/pokemon/640.png
Tornadus-incarnate,641,290.0,630.0,15.0,28.0,764,flying,,https://raw.githubusercontent.com/PokeAPI/sprites/master/sprites/pokemon/641.png
Thundurus-incarnate,642,290.0,610.0,15.0,27.11111,766,electric,flying,https://raw.githubusercontent.com/PokeAPI/sprites/master/sprites/pokemon/642.png
Reshiram,643,340.0,3300.0,32.0,32.226562,768,dragon,fire,https://raw.githubusercontent.com/PokeAPI/sprites/master/sprites/pokemon/643.png
Zekrom,644,340.0,3450.0,29.0,41.02259,769,dragon,electric,https://raw.githubusercontent.com/PokeAPI/sprites/master/sprites/pokemon/644.png
Landorus-incarnate,645,300.0,680.0,15.0,30.222221,770,ground,flying,https://raw.githubusercontent.com/PokeAPI/sprites/master/sprites/pokemon/645.png
Kyurem,646,330.0,3250.0,30.0,36.11111,772,dragon,ice,https://raw.githubusercontent.com/PokeAPI/sprites/master/sprites/pokemon/646.png
Keldeo-ordinary,647,290.0,485.0,14.0,24.7449,775,water,fighting,https://raw.githubusercontent.com/PokeAPI/sprites/master/sprites/pokemon/647.png
Meloetta-aria,648,270.0,65.0,6.0,18.055553,777,normal,psychic,https://raw.githubusercontent.com/PokeAPI/sprites/master/sprites/pokemon/648.png
Genesect,649,300.0,825.0,15.0,36.666668,779,bug,steel,https://raw.githubusercontent.com/PokeAPI/sprites/master/sprites/pokemon/649.png
